,outcome
NCT00000270,0
NCT00030758,1
NCT00035971,0
NCT00037115,0
NCT00046163,0
NCT00047775,1
NCT00048165,1
NCT00056498,1
NCT00062699,0
NCT00067912,0
NCT00070707,0
NCT00071552,0
NCT00071695,0
NCT00074984,1
NCT00081653,1
NCT00084136,1
NCT00086684,0
NCT00087490,1
NCT00087581,1
NCT00087620,0
NCT00087633,1
NCT00096980,1
NCT00100984,0
NCT00102882,1
NCT00102947,0
NCT00106171,1
NCT00106379,1
NCT00106496,1
NCT00107653,1
NCT00108706,0
NCT00108862,0
NCT00110448,0
NCT00111124,1
NCT00112034,0
NCT00114933,1
NCT00115115,1
NCT00115492,1
NCT00116532,1
NCT00117377,1
NCT00119015,0
NCT00119210,0
NCT00120874,1
NCT00121784,0
NCT00121810,1
NCT00122668,0
NCT00122811,1
NCT00124176,0
NCT00124384,1
NCT00125307,1
NCT00125567,1
NCT00125593,1
NCT00126087,0
NCT00126217,0
NCT00126308,0
NCT00127842,1
NCT00127933,1
NCT00128791,0
NCT00129623,1
NCT00129870,0
NCT00130039,0
NCT00130468,1
NCT00130923,1
NCT00132951,0
NCT00133172,0
NCT00133328,1
NCT00135070,0
NCT00135226,0
NCT00135356,0
NCT00135551,0
NCT00138034,1
NCT00138294,1
NCT00139776,1
NCT00140257,0
NCT00140413,1
NCT00140790,0
NCT00140920,0
NCT00141102,1
NCT00141141,1
NCT00141518,1
NCT00144300,0
NCT00145574,1
NCT00147563,0
NCT00148408,0
NCT00148915,1
NCT00149994,0
NCT00150020,1
NCT00150761,0
NCT00150826,1
NCT00152308,0
NCT00152607,0
NCT00153062,0
NCT00153101,1
NCT00153972,0
NCT00154180,0
NCT00154206,1
NCT00154232,1
NCT00154310,1
NCT00156715,1
NCT00157794,0
NCT00157872,1
NCT00157924,1
NCT00157963,1
NCT00159107,0
NCT00159120,1
NCT00159224,0
NCT00159575,0
NCT00159666,1
NCT00159757,0
NCT00160121,1
NCT00160290,0
NCT00160485,0
NCT00160654,1
NCT00161655,1
NCT00161785,1
NCT00161967,1
NCT00162968,1
NCT00163657,0
NCT00164099,0
NCT00165724,1
NCT00165750,0
NCT00166530,1
NCT00166712,0
NCT00167557,0
NCT00168467,1
NCT00168558,1
NCT00168597,0
NCT00168766,0
NCT00168792,0
NCT00170820,1
NCT00171054,0
NCT00171106,0
NCT00171119,0
NCT00171275,0
NCT00171717,1
NCT00171899,0
NCT00171977,1
NCT00174681,1
NCT00174824,1
NCT00177138,0
NCT00177424,0
NCT00177866,0
NCT00178854,0
NCT00179413,1
NCT00179478,1
NCT00180739,0
NCT00181181,0
NCT00181766,1
NCT00181870,1
NCT00181896,0
NCT00181948,1
NCT00182013,1
NCT00183469,1
NCT00184769,1
NCT00185094,0
NCT00185510,1
NCT00186043,0
NCT00186186,1
NCT00189618,0
NCT00190034,0
NCT00190879,1
NCT00191282,0
NCT00191633,1
NCT00191906,0
NCT00192647,0
NCT00194402,1
NCT00194597,0
NCT00195351,1
NCT00195845,1
NCT00195988,1
NCT00197106,1
NCT00197808,1
NCT00199524,0
NCT00200356,1
NCT00201656,0
NCT00202371,0
NCT00202839,0
NCT00202995,0
NCT00203021,1
NCT00203047,0
NCT00203385,0
NCT00203528,0
NCT00203996,0
NCT00205062,0
NCT00206037,0
NCT00206102,0
NCT00206856,0
NCT00207363,0
NCT00208078,0
NCT00208091,1
NCT00208234,0
NCT00208416,0
NCT00208429,0
NCT00209287,0
NCT00209898,0
NCT00210561,0
NCT00211809,0
NCT00212004,0
NCT00212810,0
NCT00215592,1
NCT00216424,0
NCT00216489,1
NCT00216528,1
NCT00216554,1
NCT00216892,1
NCT00216918,1
NCT00217152,0
NCT00219271,0
NCT00219284,1
NCT00219349,1
NCT00219479,0
NCT00220701,1
NCT00220714,0
NCT00220909,0
NCT00221481,0
NCT00221494,0
NCT00221962,1
NCT00223119,0
NCT00223249,1
NCT00223587,0
NCT00223938,0
NCT00225342,0
NCT00225433,1
NCT00225849,0
NCT00225914,1
NCT00226109,0
NCT00226382,1
NCT00226824,0
NCT00229138,1
NCT00230217,0
NCT00230568,1
NCT00230971,1
NCT00231764,1
NCT00232271,0
NCT00232349,0
NCT00232687,1
NCT00233064,1
NCT00233558,0
NCT00234065,1
NCT00234195,1
NCT00234390,0
NCT00234546,1
NCT00234962,0
NCT00235508,1
NCT00236223,0
NCT00236327,0
NCT00236912,0
NCT00237393,1
NCT00237666,1
NCT00239083,1
NCT00239629,1
NCT00239733,0
NCT00240032,0
NCT00240357,0
NCT00240981,0
NCT00241046,0
NCT00241098,0
NCT00241150,0
NCT00241176,1
NCT00241605,0
NCT00242359,0
NCT00242411,1
NCT00242814,0
NCT00243386,1
NCT00243672,0
NCT00243828,0
NCT00244517,0
NCT00245440,0
NCT00245453,0
NCT00245856,1
NCT00245960,1
NCT00246259,0
NCT00246324,1
NCT00246610,0
NCT00246909,1
NCT00247286,0
NCT00247624,1
NCT00247962,1
NCT00249808,1
NCT00249834,1
NCT00250263,1
NCT00251732,0
NCT00252122,0
NCT00252954,0
NCT00253799,1
NCT00254033,1
NCT00254241,0
NCT00254462,0
NCT00255008,0
NCT00255034,0
NCT00256126,1
NCT00256997,0
NCT00257114,1
NCT00257309,0
NCT00257920,0
NCT00259610,1
NCT00259649,1
NCT00260208,0
NCT00260351,1
NCT00261482,1
NCT00261820,0
NCT00261833,1
NCT00262054,0
NCT00262587,1
NCT00264290,1
NCT00264381,1
NCT00264849,1
NCT00265967,1
NCT00266123,1
NCT00266162,1
NCT00266604,1
NCT00266643,0
NCT00266656,1
NCT00267202,1
NCT00272454,1
NCT00272701,1
NCT00273026,0
NCT00273442,1
NCT00273689,1
NCT00274001,0
NCT00275548,1
NCT00276510,0
NCT00277212,0
NCT00277394,0
NCT00279214,0
NCT00279565,0
NCT00280098,1
NCT00281606,1
NCT00282165,0
NCT00282932,0
NCT00283049,0
NCT00283790,1
NCT00286936,0
NCT00286988,0
NCT00287118,1
NCT00287586,0
NCT00287664,0
NCT00288639,1
NCT00289055,0
NCT00289601,0
NCT00289913,1
NCT00290121,1
NCT00290238,0
NCT00291382,1
NCT00291408,0
NCT00291616,0
NCT00291915,1
NCT00293150,0
NCT00294255,1
NCT00295178,1
NCT00295412,1
NCT00295685,1
NCT00296153,1
NCT00296491,1
NCT00296530,1
NCT00296686,0
NCT00297310,1
NCT00297778,1
NCT00298857,0
NCT00299169,0
NCT00299221,1
NCT00299234,0
NCT00299702,0
NCT00300079,1
NCT00300846,1
NCT00302445,1
NCT00302653,1
NCT00303303,0
NCT00303420,0
NCT00303459,0
NCT00304226,1
NCT00304655,1
NCT00304746,0
NCT00304785,0
NCT00305474,1
NCT00305526,0
NCT00307450,1
NCT00308100,0
NCT00308893,1
NCT00310765,0
NCT00312754,0
NCT00312858,1
NCT00312871,0
NCT00313144,0
NCT00313547,0
NCT00313820,0
NCT00313950,1
NCT00314847,0
NCT00315601,0
NCT00315744,1
NCT00316160,1
NCT00317941,1
NCT00318656,0
NCT00319202,0
NCT00319449,1
NCT00319917,1
NCT00321152,0
NCT00322621,1
NCT00323635,0
NCT00324649,1
NCT00325182,1
NCT00325676,1
NCT00325806,1
NCT00326183,1
NCT00326196,0
NCT00327093,0
NCT00327418,1
NCT00328809,0
NCT00328926,0
NCT00329108,0
NCT00329160,1
NCT00329381,1
NCT00329602,1
NCT00329810,1
NCT00331435,1
NCT00331981,1
NCT00331994,0
NCT00332761,1
NCT00332839,0
NCT00333177,0
NCT00333229,0
NCT00334035,1
NCT00334139,1
NCT00334724,0
NCT00334906,0
NCT00335465,0
NCT00335621,0
NCT00335699,1
NCT00335777,0
NCT00335972,0
NCT00337116,0
NCT00337272,0
NCT00337493,1
NCT00337662,1
NCT00338468,0
NCT00343395,0
NCT00343499,0
NCT00344019,0
NCT00344682,0
NCT00345111,0
NCT00345306,0
NCT00346216,1
NCT00346268,0
NCT00346697,1
NCT00346749,0
NCT00347009,1
NCT00347087,1
NCT00348686,1
NCT00349986,0
NCT00351000,0
NCT00351130,1
NCT00351143,1
NCT00351403,1
NCT00351936,1
NCT00352092,1
NCT00352612,0
NCT00352768,0
NCT00353418,0
NCT00354406,0
NCT00354445,1
NCT00355251,0
NCT00356421,0
NCT00356616,0
NCT00357656,1
NCT00358696,1
NCT00359151,0
NCT00359385,0
NCT00359788,1
NCT00360698,1
NCT00361933,0
NCT00361985,0
NCT00361998,0
NCT00362037,1
NCT00362245,0
NCT00363311,1
NCT00365261,0
NCT00365612,1
NCT00365976,1
NCT00366002,1
NCT00366301,0
NCT00367770,1
NCT00368381,0
NCT00368537,1
NCT00368719,0
NCT00369161,1
NCT00369239,1
NCT00369265,0
NCT00369538,0
NCT00370032,0
NCT00370045,1
NCT00370240,0
NCT00370526,0
NCT00370773,0
NCT00370838,1
NCT00371501,1
NCT00371956,1
NCT00372255,1
NCT00372827,0
NCT00373360,1
NCT00373451,0
NCT00373542,0
NCT00373672,0
NCT00373685,1
NCT00374543,0
NCT00374634,1
NCT00374647,1
NCT00375284,1
NCT00375752,0
NCT00376493,0
NCT00377091,0
NCT00377143,0
NCT00377858,0
NCT00378183,1
NCT00379028,1
NCT00379405,1
NCT00379899,0
NCT00380458,0
NCT00380692,1
NCT00380770,1
NCT00380874,0
NCT00381043,0
NCT00381095,0
NCT00383799,0
NCT00384085,1
NCT00384332,1
NCT00384371,0
NCT00384436,0
NCT00384566,0
NCT00385411,1
NCT00385671,1
NCT00386191,0
NCT00386334,1
NCT00386529,0
NCT00386997,0
NCT00387634,1
NCT00389402,1
NCT00390975,0
NCT00391027,1
NCT00391430,0
NCT00391755,0
NCT00391846,0
NCT00391898,1
NCT00392002,1
NCT00392808,1
NCT00393198,1
NCT00393393,1
NCT00393484,1
NCT00394277,0
NCT00394303,0
NCT00394485,0
NCT00395239,0
NCT00396058,0
NCT00396240,0
NCT00396435,1
NCT00397020,1
NCT00397241,1
NCT00397358,0
NCT00397657,0
NCT00398632,0
NCT00399178,1
NCT00399477,1
NCT00400608,0
NCT00401167,1
NCT00401661,1
NCT00401726,0
NCT00401960,0
NCT00403481,1
NCT00403520,1
NCT00403585,1
NCT00403780,0
NCT00406107,1
NCT00406315,1
NCT00406354,1
NCT00407043,1
NCT00407147,0
NCT00407199,0
NCT00407511,1
NCT00407537,1
NCT00407797,0
NCT00409019,0
NCT00409344,0
NCT00409526,0
NCT00409942,0
NCT00410046,1
NCT00412113,1
NCT00412555,1
NCT00412737,0
NCT00412867,1
NCT00412932,1
NCT00413361,0
NCT00414037,0
NCT00414284,0
NCT00414635,1
NCT00415103,1
NCT00417729,1
NCT00418522,1
NCT00418678,0
NCT00419653,0
NCT00419835,0
NCT00420238,1
NCT00420303,1
NCT00420355,0
NCT00420472,0
NCT00420537,0
NCT00420875,0
NCT00420927,1
NCT00421187,0
NCT00421252,0
NCT00421421,0
NCT00421863,1
NCT00421967,0
NCT00422162,0
NCT00422227,1
NCT00422565,0
NCT00423189,0
NCT00423878,1
NCT00424528,1
NCT00424762,0
NCT00424905,0
NCT00426478,0
NCT00427882,1
NCT00427960,0
NCT00428025,0
NCT00428350,1
NCT00429169,0
NCT00430196,1
NCT00430638,1
NCT00430716,0
NCT00432341,0
NCT00433043,0
NCT00433329,1
NCT00434278,0
NCT00434447,0
NCT00434590,0
NCT00435487,0
NCT00435825,0
NCT00436124,0
NCT00436371,0
NCT00436540,1
NCT00437125,1
NCT00437255,1
NCT00437489,0
NCT00437619,1
NCT00437918,1
NCT00438048,1
NCT00438386,1
NCT00438451,1
NCT00438971,1
NCT00439738,1
NCT00439855,0
NCT00439946,0
NCT00440011,1
NCT00440063,0
NCT00440141,1
NCT00440401,1
NCT00441064,1
NCT00442013,0
NCT00442351,0
NCT00442897,1
NCT00442962,1
NCT00443430,0
NCT00443612,0
NCT00443872,1
NCT00443937,1
NCT00444184,1
NCT00444275,1
NCT00444665,1
NCT00444808,0
NCT00445094,1
NCT00445263,0
NCT00445328,0
NCT00446329,0
NCT00446589,0
NCT00446641,0
NCT00446849,1
NCT00446966,0
NCT00447551,1
NCT00449007,0
NCT00449072,1
NCT00449618,0
NCT00449813,0
NCT00452335,1
NCT00452478,0
NCT00452699,1
NCT00453765,0
NCT00453856,0
NCT00453934,0
NCT00454272,1
NCT00454662,1
NCT00455858,1
NCT00456248,0
NCT00456313,0
NCT00456339,0
NCT00456625,1
NCT00456885,1
NCT00456937,1
NCT00457366,0
NCT00458185,1
NCT00460083,1
NCT00460733,0
NCT00461266,0
NCT00461500,0
NCT00461812,0
NCT00461929,0
NCT00462228,0
NCT00462254,0
NCT00463476,1
NCT00463684,1
NCT00463801,0
NCT00463866,1
NCT00464191,0
NCT00464308,1
NCT00464698,1
NCT00465257,0
NCT00466609,0
NCT00467649,1
NCT00468923,1
NCT00469092,1
NCT00469456,1
NCT00471354,1
NCT00471809,0
NCT00472004,1
NCT00472186,0
NCT00472641,1
NCT00472706,0
NCT00473174,1
NCT00474409,0
NCT00474838,1
NCT00474955,0
NCT00475072,1
NCT00475124,0
NCT00476164,0
NCT00476359,1
NCT00476619,0
NCT00477347,0
NCT00477581,1
NCT00477802,0
NCT00477893,1
NCT00478439,0
NCT00478504,1
NCT00478673,0
NCT00480077,0
NCT00480181,1
NCT00482547,0
NCT00484471,1
NCT00484718,0
NCT00485771,1
NCT00485875,1
NCT00486343,0
NCT00487578,0
NCT00487747,1
NCT00488059,0
NCT00488163,0
NCT00488241,1
NCT00488384,0
NCT00488761,1
NCT00489255,1
NCT00489853,1
NCT00491374,0
NCT00491504,1
NCT00491907,0
NCT00492011,1
NCT00492414,1
NCT00492466,0
NCT00492765,0
NCT00492843,0
NCT00493194,1
NCT00493805,0
NCT00494312,1
NCT00494533,0
NCT00495365,0
NCT00495378,0
NCT00495612,1
NCT00496470,1
NCT00498004,0
NCT00500071,1
NCT00500604,0
NCT00502138,1
NCT00502242,1
NCT00502320,1
NCT00502775,1
NCT00503009,0
NCT00503113,1
NCT00504166,1
NCT00504777,1
NCT00506662,0
NCT00507546,0
NCT00507845,1
NCT00508157,0
NCT00508898,0
NCT00509925,0
NCT00510627,0
NCT00510913,1
NCT00511134,0
NCT00511836,1
NCT00511901,0
NCT00512044,0
NCT00513552,0
NCT00514813,0
NCT00518245,0
NCT00518375,1
NCT00518427,0
NCT00518986,1
NCT00519649,1
NCT00519753,1
NCT00520507,1
NCT00522418,0
NCT00522548,0
NCT00523393,1
NCT00523458,0
NCT00523549,1
NCT00523991,1
NCT00524576,1
NCT00524615,1
NCT00528190,0
NCT00530257,1
NCT00531167,1
NCT00531947,0
NCT00531973,1
NCT00533390,0
NCT00534261,1
NCT00534976,1
NCT00535132,1
NCT00535262,0
NCT00535821,0
NCT00536120,1
NCT00536471,1
NCT00537277,1
NCT00537732,0
NCT00537771,1
NCT00537979,1
NCT00538369,0
NCT00538512,1
NCT00539006,1
NCT00540293,1
NCT00541242,1
NCT00541905,1
NCT00542152,0
NCT00542269,0
NCT00542295,1
NCT00542620,1
NCT00542880,1
NCT00543101,1
NCT00544180,0
NCT00545051,1
NCT00545064,0
NCT00545090,1
NCT00545142,1
NCT00545233,0
NCT00545402,1
NCT00545675,0
NCT00545844,1
NCT00545974,0
NCT00546143,1
NCT00546234,0
NCT00547378,1
NCT00548366,0
NCT00549978,0
NCT00550095,1
NCT00550745,1
NCT00551161,0
NCT00551174,1
NCT00551603,0
NCT00551941,0
NCT00552084,0
NCT00552240,1
NCT00552578,0
NCT00552760,1
NCT00552799,1
NCT00553735,0
NCT00553891,0
NCT00554476,0
NCT00555009,0
NCT00555126,0
NCT00557427,0
NCT00557752,0
NCT00559143,0
NCT00559286,0
NCT00561717,1
NCT00562081,0
NCT00562172,1
NCT00562588,0
NCT00563381,1
NCT00565318,0
NCT00565409,1
NCT00567476,1
NCT00568412,1
NCT00568542,1
NCT00569270,0
NCT00570960,0
NCT00571428,1
NCT00571688,0
NCT00572260,0
NCT00573261,1
NCT00573417,0
NCT00573547,0
NCT00573950,1
NCT00574041,0
NCT00574925,0
NCT00575224,1
NCT00575302,0
NCT00575666,1
NCT00575861,0
NCT00576602,0
NCT00577031,1
NCT00578578,0
NCT00578890,0
NCT00579098,0
NCT00579280,1
NCT00581035,1
NCT00584025,0
NCT00584246,0
NCT00584636,0
NCT00584779,0
NCT00586066,1
NCT00586157,1
NCT00586365,0
NCT00586521,1
NCT00588172,0
NCT00588835,0
NCT00589927,1
NCT00590135,0
NCT00590174,0
NCT00590226,1
NCT00590408,0
NCT00591227,1
NCT00591357,0
NCT00592683,0
NCT00592852,0
NCT00592917,1
NCT00593502,1
NCT00593619,0
NCT00594204,1
NCT00594464,1
NCT00595504,0
NCT00596752,0
NCT00596947,0
NCT00597181,0
NCT00597480,0
NCT00598910,0
NCT00603824,0
NCT00606099,0
NCT00607087,0
NCT00607919,1
NCT00608777,0
NCT00608868,1
NCT00609557,1
NCT00609674,1
NCT00610532,0
NCT00611676,1
NCT00612144,1
NCT00613327,1
NCT00615745,1
NCT00617305,1
NCT00618436,0
NCT00619892,0
NCT00619983,0
NCT00620828,0
NCT00621153,1
NCT00621959,1
NCT00622011,0
NCT00622505,1
NCT00622648,0
NCT00622739,1
NCT00624429,1
NCT00625079,0
NCT00625339,1
NCT00625469,0
NCT00626301,1
NCT00626574,0
NCT00627055,0
NCT00627471,0
NCT00628355,0
NCT00629382,1
NCT00629590,1
NCT00629642,1
NCT00630903,0
NCT00631449,0
NCT00631696,1
NCT00632814,1
NCT00632970,0
NCT00633776,0
NCT00634348,1
NCT00634543,1
NCT00634790,0
NCT00635076,0
NCT00635349,1
NCT00635531,0
NCT00636935,0
NCT00637143,0
NCT00637416,0
NCT00637663,1
NCT00637715,1
NCT00637780,0
NCT00638027,0
NCT00638053,0
NCT00638443,0
NCT00640276,1
NCT00640393,0
NCT00640549,0
NCT00640679,0
NCT00642356,0
NCT00643604,0
NCT00645450,0
NCT00646204,0
NCT00646282,0
NCT00648375,0
NCT00648817,1
NCT00650429,1
NCT00650468,1
NCT00651014,0
NCT00651131,0
NCT00651209,1
NCT00651378,0
NCT00651846,1
NCT00652093,0
NCT00652145,1
NCT00652327,1
NCT00652444,1
NCT00652847,1
NCT00654368,0
NCT00655122,0
NCT00656201,1
NCT00656266,0
NCT00656747,1
NCT00657449,0
NCT00657514,0
NCT00657943,0
NCT00658606,1
NCT00659477,1
NCT00660660,1
NCT00660855,0
NCT00661206,0
NCT00661349,0
NCT00662259,1
NCT00663052,1
NCT00663455,0
NCT00663624,0
NCT00664430,0
NCT00664534,1
NCT00665418,0
NCT00665834,0
NCT00666757,0
NCT00668265,0
NCT00669071,0
NCT00669149,0
NCT00669214,0
NCT00669279,1
NCT00669864,1
NCT00670007,1
NCT00670566,1
NCT00670657,1
NCT00670930,1
NCT00671528,0
NCT00671541,0
NCT00672464,0
NCT00672490,1
NCT00673452,1
NCT00673582,0
NCT00673608,1
NCT00673790,1
NCT00673972,0
NCT00675896,1
NCT00676819,1
NCT00677300,1
NCT00677352,1
NCT00678743,1
NCT00679250,1
NCT00679939,1
NCT00680316,0
NCT00680641,0
NCT00681031,1
NCT00681174,0
NCT00682643,0
NCT00682890,0
NCT00684463,1
NCT00684671,1
NCT00685542,0
NCT00686595,1
NCT00686725,1
NCT00687388,0
NCT00687531,0
NCT00687609,0
NCT00687973,1
NCT00688636,1
NCT00691795,0
NCT00691821,0
NCT00691873,1
NCT00693771,1
NCT00696774,1
NCT00697034,0
NCT00697593,0
NCT00698607,1
NCT00698646,1
NCT00699322,1
NCT00699413,0
NCT00700115,1
NCT00700739,0
NCT00701727,1
NCT00701831,1
NCT00702325,1
NCT00702611,0
NCT00702793,0
NCT00704301,0
NCT00706173,0
NCT00706667,0
NCT00706706,1
NCT00708175,0
NCT00708201,1
NCT00708578,1
NCT00709735,0
NCT00710216,0
NCT00711308,1
NCT00711802,1
NCT00711841,0
NCT00712270,0
NCT00713258,0
NCT00713947,0
NCT00715273,1
NCT00716248,1
NCT00716443,0
NCT00716963,1
NCT00717171,0
NCT00717470,1
NCT00720226,0
NCT00720902,0
NCT00724620,1
NCT00724711,1
NCT00725920,1
NCT00726804,0
NCT00727090,0
NCT00727454,0
NCT00727961,1
NCT00729326,1
NCT00729651,1
NCT00730067,0
NCT00730847,0
NCT00731874,0
NCT00733330,0
NCT00733356,1
NCT00733369,0
NCT00733681,0
NCT00734097,1
NCT00734630,0
NCT00735072,1
NCT00735449,1
NCT00735787,1
NCT00736229,1
NCT00738088,0
NCT00742157,0
NCT00742313,0
NCT00742326,0
NCT00743535,0
NCT00744328,0
NCT00747669,0
NCT00748566,0
NCT00749229,0
NCT00752622,0
NCT00754767,0
NCT00754793,0
NCT00757913,0
NCT00759083,0
NCT00761410,0
NCT00761514,0
NCT00763009,0
NCT00763880,0
NCT00764582,0
NCT00765154,0
NCT00765726,0
NCT00766441,0
NCT00767039,0
NCT00767572,0
NCT00767715,0
NCT00768313,0
NCT00774631,0
NCT00775164,0
NCT00775606,0
NCT00776191,0
NCT00778505,0
NCT00779844,0
NCT00781287,0
NCT00782639,0
NCT00784485,0
NCT00785772,0
NCT00785811,0
NCT00787332,0
NCT00792662,0
NCT00796705,0
NCT00797082,0
NCT00799448,0
NCT00799838,0
NCT00801125,0
NCT00804960,0
NCT00806390,0
NCT00806468,0
NCT00810862,0
NCT00813839,0
NCT00815633,0
NCT00817830,0
NCT00819637,0
NCT00819910,0
NCT00820443,0
NCT00820612,0
NCT00823472,0
NCT00826839,0
NCT00830037,0
NCT00832572,0
NCT00838682,0
NCT00839020,0
NCT00839566,0
NCT00840463,0
NCT00842829,0
NCT00852059,0
NCT00853398,0
NCT00853489,0
NCT00854750,0
NCT00855413,0
NCT00855478,0
NCT00856089,0
NCT00856817,0
NCT00861237,0
NCT00862706,0
NCT00866008,0
NCT00866034,0
NCT00866684,0
NCT00869427,0
NCT00871273,0
NCT00877318,0
NCT00878202,0
NCT00879970,0
NCT00881205,0
NCT00885924,0
NCT00887497,0
NCT00888329,0
NCT00894790,0
NCT00904605,0
NCT00907218,0
NCT00916890,0
NCT00920322,0
NCT00922714,0
NCT00926835,0
NCT00927602,0
NCT00928772,0
NCT00930020,0
NCT00931255,0
NCT00933023,0
NCT00944151,0
NCT00944372,0
NCT00946907,0
NCT00946985,0
NCT00947375,0
NCT00947674,0
NCT00949299,0
NCT00949377,0
NCT00950183,0
NCT00952211,0
NCT00952861,0
NCT00953940,0
NCT00955266,0
NCT00956293,0
NCT00961207,0
NCT00962299,0
NCT00964691,0
NCT00970086,0
NCT00972218,0
NCT00981318,0
NCT00981773,0
NCT00988481,0
NCT00994253,0
NCT00996424,0
NCT01001312,0
NCT01002339,0
NCT01003249,0
NCT01004042,1
NCT01005095,0
NCT01005238,0
NCT01005849,0
NCT01006356,1
NCT01006538,0
NCT01006590,0
NCT01006603,0
NCT01008137,1
NCT01009879,0
NCT01010204,1
NCT01010399,1
NCT01010776,1
NCT01011257,0
NCT01011283,0
NCT01011634,0
NCT01012479,1
NCT01013987,1
NCT01014481,0
NCT01014585,1
NCT01014637,1
NCT01016717,0
NCT01016834,1
NCT01016847,0
NCT01017029,1
NCT01017263,0
NCT01018914,1
NCT01019980,0
NCT01020526,1
NCT01020786,0
NCT01022762,1
NCT01022983,0
NCT01023217,1
NCT01025180,0
NCT01025427,1
NCT01025492,0
NCT01025765,1
NCT01026090,0
NCT01026454,1
NCT01027806,0
NCT01028287,1
NCT01028326,1
NCT01030666,0
NCT01030809,1
NCT01030952,1
NCT01031667,0
NCT01031810,0
NCT01032239,1
NCT01032837,0
NCT01033370,0
NCT01033526,1
NCT01033565,0
NCT01034397,1
NCT01035333,0
NCT01035528,1
NCT01036529,0
NCT01037296,0
NCT01037335,0
NCT01037712,0
NCT01038505,0
NCT01039285,0
NCT01039545,0
NCT01040455,0
NCT01041092,1
NCT01041313,0
NCT01041495,0
NCT01042158,0
NCT01042574,0
NCT01043094,1
NCT01043874,1
NCT01047202,1
NCT01047488,1
NCT01047579,1
NCT01048229,0
NCT01049204,0
NCT01049243,1
NCT01049984,1
NCT01050478,1
NCT01051440,0
NCT01051466,0
NCT01051804,1
NCT01051856,0
NCT01051960,1
NCT01052311,0
NCT01052961,0
NCT01053507,0
NCT01054222,1
NCT01054508,1
NCT01054976,1
NCT01055379,0
NCT01056289,1
NCT01057251,1
NCT01058980,1
NCT01059110,0
NCT01059123,0
NCT01059266,1
NCT01059422,1
NCT01059773,1
NCT01060150,1
NCT01060293,0
NCT01061177,1
NCT01061697,1
NCT01064050,0
NCT01064284,1
NCT01065714,1
NCT01066000,0
NCT01066676,1
NCT01066884,1
NCT01066897,0
NCT01070329,1
NCT01070394,1
NCT01070888,0
NCT01071122,1
NCT01071486,0
NCT01072396,1
NCT01073189,0
NCT01075126,0
NCT01075152,0
NCT01078051,0
NCT01078298,1
NCT01078987,0
NCT01079273,0
NCT01079364,0
NCT01079962,1
NCT01081626,1
NCT01081938,0
NCT01082731,0
NCT01082861,0
NCT01083472,0
NCT01085344,1
NCT01086085,1
NCT01086358,1
NCT01087567,0
NCT01087840,1
NCT01088009,1
NCT01089075,0
NCT01089452,0
NCT01089621,0
NCT01091337,1
NCT01092624,0
NCT01093534,0
NCT01095471,1
NCT01096290,0
NCT01097382,1
NCT01099592,0
NCT01100437,0
NCT01100879,0
NCT01101009,1
NCT01101022,1
NCT01103336,0
NCT01105936,1
NCT01107145,0
NCT01108627,0
NCT01110200,1
NCT01112748,1
NCT01113229,0
NCT01114997,0
NCT01116557,0
NCT01117857,1
NCT01118312,0
NCT01118403,0
NCT01118455,0
NCT01118780,1
NCT01118871,0
NCT01119768,1
NCT01121835,1
NCT01123980,1
NCT01125748,1
NCT01126424,0
NCT01126853,0
NCT01127269,1
NCT01127607,1
NCT01127646,0
NCT01128114,0
NCT01128712,0
NCT01129518,1
NCT01130103,1
NCT01131481,0
NCT01131507,1
NCT01131546,1
NCT01133600,0
NCT01135017,0
NCT01136915,0
NCT01137773,0
NCT01138098,1
NCT01139996,0
NCT01140581,0
NCT01142466,0
NCT01147042,0
NCT01147133,1
NCT01147510,1
NCT01148511,1
NCT01148901,0
NCT01149252,0
NCT01149616,0
NCT01150201,0
NCT01150409,0
NCT01150617,0
NCT01151592,0
NCT01151904,0
NCT01151943,0
NCT01153061,0
NCT01154153,1
NCT01155219,1
NCT01155869,0
NCT01156051,0
NCT01156220,0
NCT01156363,1
NCT01156961,0
NCT01157234,1
NCT01157351,1
NCT01157559,1
NCT01157585,1
NCT01158703,0
NCT01159210,1
NCT01161563,1
NCT01162304,0
NCT01163747,1
NCT01164475,0
NCT01165567,0
NCT01165684,1
NCT01166477,0
NCT01166633,1
NCT01167153,1
NCT01168596,1
NCT01169818,1
NCT01169857,0
NCT01170364,0
NCT01170624,0
NCT01172197,0
NCT01172418,1
NCT01172652,0
NCT01173055,1
NCT01174693,0
NCT01175070,0
NCT01175616,0
NCT01175707,0
NCT01175811,1
NCT01175824,1
NCT01175954,1
NCT01176318,0
NCT01176968,1
NCT01177566,1
NCT01178853,0
NCT01179100,0
NCT01179113,0
NCT01179191,0
NCT01179594,0
NCT01180049,1
NCT01180205,0
NCT01180764,0
NCT01180855,1
NCT01181232,1
NCT01186146,1
NCT01186653,1
NCT01188369,0
NCT01189409,0
NCT01189500,0
NCT01190098,0
NCT01190163,0
NCT01190215,1
NCT01191918,1
NCT01193166,0
NCT01193296,1
NCT01194531,0
NCT01194856,0
NCT01195129,0
NCT01195363,1
NCT01196026,1
NCT01196169,0
NCT01198353,1
NCT01199198,1
NCT01200056,1
NCT01200069,0
NCT01201811,1
NCT01202149,0
NCT01202474,1
NCT01203111,1
NCT01203774,1
NCT01204580,1
NCT01204593,1
NCT01205230,1
NCT01205880,0
NCT01206439,0
NCT01206764,1
NCT01207414,1
NCT01207453,0
NCT01207622,0
NCT01208012,1
NCT01208740,0
NCT01210144,0
NCT01211145,1
NCT01211314,0
NCT01211431,0
NCT01211704,0
NCT01212913,0
NCT01213173,1
NCT01213836,0
NCT01214759,1
NCT01215669,1
NCT01215955,1
NCT01216072,1
NCT01218100,1
NCT01219062,0
NCT01219933,1
NCT01222819,0
NCT01223443,0
NCT01223612,1
NCT01224418,1
NCT01224613,1
NCT01225705,0
NCT01226043,1
NCT01226667,1
NCT01227668,0
NCT01228370,1
NCT01229735,1
NCT01230216,0
NCT01230307,0
NCT01230736,1
NCT01231854,0
NCT01232491,0
NCT01234116,1
NCT01234675,1
NCT01234883,0
NCT01235910,0
NCT01235949,1
NCT01236508,0
NCT01239004,1
NCT01239849,1
NCT01239992,0
NCT01240200,1
NCT01241513,0
NCT01243567,1
NCT01244061,1
NCT01244269,0
NCT01244711,0
NCT01244724,0
NCT01246011,0
NCT01248338,1
NCT01249651,1
NCT01250496,0
NCT01251120,0
NCT01252160,1
NCT01252342,0
NCT01253356,0
NCT01256476,1
NCT01257542,0
NCT01257815,1
NCT01259531,1
NCT01261702,0
NCT01264094,0
NCT01264354,1
NCT01264965,0
NCT01267448,1
NCT01267825,0
NCT01269684,0
NCT01271452,1
NCT01271686,1
NCT01272362,1
NCT01274780,1
NCT01275339,0
NCT01275352,0
NCT01276834,0
NCT01277302,1
NCT01277497,0
NCT01277601,1
NCT01278160,1
NCT01278173,1
NCT01278498,0
NCT01279200,0
NCT01279668,0
NCT01281540,0
NCT01281748,0
NCT01282879,0
NCT01283386,1
NCT01283906,1
NCT01285544,0
NCT01286090,0
NCT01286246,0
NCT01287832,0
NCT01288625,0
NCT01293825,1
NCT01293955,1
NCT01294592,1
NCT01296347,0
NCT01298193,1
NCT01298531,1
NCT01299220,0
NCT01301066,1
NCT01301729,1
NCT01302054,1
NCT01302067,1
NCT01302236,0
NCT01302444,0
NCT01302938,0
NCT01303536,1
NCT01303874,0
NCT01304095,1
NCT01304836,0
NCT01305707,0
NCT01306981,1
NCT01307189,1
NCT01307488,1
NCT01308203,0
NCT01308255,1
NCT01308502,0
NCT01309074,0
NCT01309698,1
NCT01310166,1
NCT01310738,0
NCT01312064,0
NCT01312441,0
NCT01312909,0
NCT01313182,0
NCT01315275,1
NCT01315574,0
NCT01315990,0
NCT01318408,1
NCT01318811,0
NCT01318837,1
NCT01319188,0
NCT01320475,0
NCT01321996,0
NCT01323673,0
NCT01326117,0
NCT01326845,0
NCT01327547,1
NCT01327703,1
NCT01328756,1
NCT01329250,0
NCT01331317,1
NCT01332227,0
NCT01333501,1
NCT01333813,1
NCT01335035,1
NCT01336569,1
NCT01338025,0
NCT01338636,1
NCT01339026,0
NCT01339143,1
NCT01339468,0
NCT01339676,0
NCT01340326,0
NCT01341106,0
NCT01342445,1
NCT01342640,1
NCT01344655,1
NCT01345188,1
NCT01345812,0
NCT01345968,0
NCT01346865,0
NCT01347996,1
NCT01349114,0
NCT01350102,0
NCT01350934,1
NCT01352702,0
NCT01354119,0
NCT01354743,1
NCT01356316,1
NCT01356940,0
NCT01358825,1
NCT01359826,0
NCT01361984,1
NCT01362439,1
NCT01362959,1
NCT01363752,0
NCT01364298,1
NCT01365143,0
NCT01365195,0
NCT01365221,0
NCT01368068,0
NCT01368523,1
NCT01368536,0
NCT01370356,1
NCT01370486,0
NCT01371344,0
NCT01371526,0
NCT01371994,0
NCT01372670,0
NCT01373411,0
NCT01374568,0
NCT01375257,1
NCT01375335,0
NCT01376804,1
NCT01378117,1
NCT01379508,1
NCT01380080,1
NCT01381926,0
NCT01382342,0
NCT01383044,0
NCT01383200,0
NCT01383954,1
NCT01384058,0
NCT01384682,1
NCT01386255,0
NCT01386879,0
NCT01387542,1
NCT01391325,1
NCT01394341,1
NCT01394991,0
NCT01395329,1
NCT01395732,0
NCT01396304,0
NCT01396395,1
NCT01397084,1
NCT01397331,0
NCT01397890,1
NCT01398592,1
NCT01399697,1
NCT01400113,1
NCT01400256,0
NCT01400308,0
NCT01400516,0
NCT01404182,1
NCT01404767,0
NCT01404832,0
NCT01404923,1
NCT01406704,0
NCT01408745,0
NCT01409408,0
NCT01411514,0
NCT01413607,0
NCT01415141,0
NCT01415531,1
NCT01416116,1
NCT01416701,0
NCT01419249,1
NCT01419847,1
NCT01420055,1
NCT01422330,1
NCT01422369,1
NCT01423812,1
NCT01424228,1
NCT01424345,0
NCT01424644,1
NCT01425359,1
NCT01425411,1
NCT01425853,1
NCT01427309,1
NCT01429870,0
NCT01430104,1
NCT01430819,1
NCT01432457,1
NCT01433510,1
NCT01434914,0
NCT01436643,0
NCT01438801,0
NCT01438814,1
NCT01439009,1
NCT01442610,1
NCT01443546,0
NCT01443845,0
NCT01443923,0
NCT01444248,1
NCT01447420,1
NCT01448109,0
NCT01448486,0
NCT01448642,0
NCT01449006,1
NCT01450410,0
NCT01450995,0
NCT01451606,0
NCT01452152,0
NCT01453608,1
NCT01454440,0
NCT01454453,0
NCT01455428,1
NCT01455519,1
NCT01456234,0
NCT01456780,1
NCT01456936,1
NCT01457820,0
NCT01458015,0
NCT01460628,1
NCT01461577,1
NCT01462344,1
NCT01463878,0
NCT01464229,0
NCT01464424,1
NCT01464671,0
NCT01465243,1
NCT01465919,0
NCT01467492,0
NCT01468623,0
NCT01470092,1
NCT01470651,0
NCT01471158,1
NCT01473381,1
NCT01473394,1
NCT01475721,1
NCT01477931,1
NCT01478035,0
NCT01478425,1
NCT01480076,1
NCT01480167,0
NCT01480661,1
NCT01483066,0
NCT01485172,0
NCT01486550,0
NCT01486771,1
NCT01486966,0
NCT01490190,1
NCT01490398,1
NCT01492894,0
NCT01493557,1
NCT01494532,1
NCT01498887,1
NCT01499108,1
NCT01500278,0
NCT01502787,1
NCT01503528,0
NCT01505296,0
NCT01505387,1
NCT01506960,0
NCT01507233,0
NCT01507532,0
NCT01507922,1
NCT01508663,0
NCT01508780,0
NCT01510145,1
NCT01510847,0
NCT01511003,1
NCT01512381,0
NCT01512472,0
NCT01513031,0
NCT01513122,1
NCT01514227,0
NCT01514448,1
NCT01514708,1
NCT01514721,0
NCT01514734,0
NCT01515540,1
NCT01516697,0
NCT01516892,1
NCT01519674,1
NCT01519765,0
NCT01519882,0
NCT01519921,1
NCT01519947,1
NCT01520025,0
NCT01520285,1
NCT01523366,1
NCT01526148,0
NCT01526161,0
NCT01526876,0
NCT01528254,1
NCT01529619,1
NCT01529788,1
NCT01534182,1
NCT01534806,0
NCT01535235,0
NCT01536535,1
NCT01536587,0
NCT01538446,0
NCT01538901,0
NCT01538940,0
NCT01539161,0
NCT01541189,1
NCT01542242,0
NCT01542372,0
NCT01543568,1
NCT01543828,0
NCT01544114,1
NCT01546116,1
NCT01546857,0
NCT01546883,0
NCT01546922,1
NCT01547728,0
NCT01548651,0
NCT01549158,0
NCT01550302,0
NCT01551173,1
NCT01551212,1
NCT01552369,1
NCT01552668,0
NCT01552902,1
NCT01552915,1
NCT01552954,1
NCT01554488,0
NCT01554917,1
NCT01555073,0
NCT01555736,1
NCT01557374,0
NCT01557842,0
NCT01558115,0
NCT01558739,1
NCT01559974,0
NCT01560572,0
NCT01561040,1
NCT01561092,0
NCT01561404,0
NCT01561755,0
NCT01562444,1
NCT01564875,0
NCT01569113,0
NCT01570361,0
NCT01573598,0
NCT01574248,0
NCT01575899,0
NCT01577160,1
NCT01577186,1
NCT01577199,0
NCT01578304,1
NCT01578330,1
NCT01578486,0
NCT01580020,1
NCT01582243,1
NCT01582282,0
NCT01582698,1
NCT01585129,0
NCT01586091,1
NCT01587118,1
NCT01588470,1
NCT01589653,1
NCT01591460,1
NCT01591980,0
NCT01592201,0
NCT01593137,0
NCT01594476,0
NCT01594866,0
NCT01594905,1
NCT01596920,1
NCT01599364,1
NCT01601847,1
NCT01601899,0
NCT01602302,0
NCT01602822,0
NCT01603082,1
NCT01603394,0
NCT01604239,1
NCT01604629,1
NCT01605331,1
NCT01605370,0
NCT01605617,0
NCT01606111,0
NCT01606709,0
NCT01606800,0
NCT01607398,0
NCT01608295,1
NCT01608724,1
NCT01609543,1
NCT01611779,0
NCT01611883,1
NCT01612468,1
NCT01614067,0
NCT01615939,0
NCT01616160,0
NCT01621100,1
NCT01623583,0
NCT01625455,0
NCT01627223,0
NCT01627340,1
NCT01629212,1
NCT01629329,0
NCT01630057,1
NCT01631513,0
NCT01632202,0
NCT01632241,0
NCT01635088,1
NCT01636947,0
NCT01637259,1
NCT01637896,0
NCT01638377,0
NCT01638468,0
NCT01638767,0
NCT01641367,0
NCT01642238,1
NCT01644721,1
NCT01644864,0
NCT01645735,0
NCT01645800,0
NCT01646450,1
NCT01646580,0
NCT01648218,0
NCT01649427,1
NCT01649466,1
NCT01649635,1
NCT01649713,1
NCT01650779,1
NCT01651351,1
NCT01654120,1
NCT01655524,0
NCT01656200,1
NCT01659034,1
NCT01659775,1
NCT01660867,0
NCT01660906,1
NCT01661140,0
NCT01662115,0
NCT01662297,0
NCT01662687,1
NCT01662778,1
NCT01662986,0
NCT01663662,0
NCT01663987,0
NCT01664676,1
NCT01666743,0
NCT01668004,1
NCT01668667,1
NCT01668901,0
NCT01673061,0
NCT01673490,0
NCT01674283,0
NCT01675466,0
NCT01676363,0
NCT01676415,0
NCT01678911,0
NCT01680081,0
NCT01680757,0
NCT01683188,0
NCT01683253,1
NCT01683656,0
NCT01683825,0
NCT01684787,0
NCT01686711,1
NCT01686789,0
NCT01686932,1
NCT01688921,1
NCT01689506,0
NCT01689597,0
NCT01689896,0
NCT01690637,0
NCT01691482,1
NCT01693367,0
NCT01694069,0
NCT01694641,0
NCT01695772,1
NCT01696110,1
NCT01696383,0
NCT01696942,0
NCT01697735,0
NCT01698944,0
NCT01700790,0
NCT01700972,0
NCT01701856,0
NCT01702415,0
NCT01705977,0
NCT01706146,1
NCT01706510,1
NCT01706822,0
NCT01709110,1
NCT01709305,1
NCT01709695,1
NCT01709838,1
NCT01709968,0
NCT01710839,1
NCT01711567,1
NCT01711866,1
NCT01712477,0
NCT01712854,0
NCT01713426,1
NCT01714648,0
NCT01715493,1
NCT01715519,1
NCT01715636,1
NCT01717040,0
NCT01717846,0
NCT01717859,1
NCT01718795,0
NCT01720056,0
NCT01720901,0
NCT01721317,0
NCT01721330,0
NCT01721616,0
NCT01722656,1
NCT01723150,1
NCT01723228,0
NCT01725113,0
NCT01726335,1
NCT01726361,0
NCT01727024,1
NCT01727401,0
NCT01728376,1
NCT01730378,1
NCT01732250,0
NCT01732770,1
NCT01734694,0
NCT01734824,0
NCT01736358,0
NCT01736709,1
NCT01736761,1
NCT01737593,0
NCT01737879,0
NCT01738243,0
NCT01738724,0
NCT01740947,0
NCT01742338,0
NCT01742624,1
NCT01743976,0
NCT01744496,1
NCT01745094,1
NCT01745159,1
NCT01746641,0
NCT01746680,1
NCT01747577,0
NCT01748123,0
NCT01750775,1
NCT01751113,1
NCT01751555,1
NCT01752790,0
NCT01753401,1
NCT01754220,1
NCT01754493,1
NCT01754545,0
NCT01755572,0
NCT01755871,0
NCT01757249,0
NCT01757574,0
NCT01757769,1
NCT01758185,1
NCT01758380,1
NCT01760304,0
NCT01760616,0
NCT01761318,1
NCT01762436,1
NCT01762800,1
NCT01764893,0
NCT01765270,0
NCT01766505,0
NCT01766778,1
NCT01768468,1
NCT01769937,1
NCT01770119,1
NCT01770145,1
NCT01770340,0
NCT01770431,1
NCT01772641,0
NCT01772940,1
NCT01773473,1
NCT01774968,1
NCT01775124,1
NCT01775137,1
NCT01775397,0
NCT01776203,0
NCT01777100,1
NCT01777217,0
NCT01777269,0
NCT01777503,0
NCT01777581,1
NCT01777620,1
NCT01777854,0
NCT01777997,1
NCT01778647,0
NCT01780389,1
NCT01782222,0
NCT01786161,0
NCT01787097,1
NCT01787240,0
NCT01787916,1
NCT01789203,0
NCT01789814,1
NCT01794455,0
NCT01794780,0
NCT01795872,1
NCT01796548,0
NCT01797315,0
NCT01797380,0
NCT01798992,1
NCT01799057,0
NCT01799941,1
NCT01801280,1
NCT01802268,0
NCT01802593,0
NCT01804673,0
NCT01805804,0
NCT01806090,1
NCT01806207,1
NCT01806740,0
NCT01806974,0
NCT01807234,1
NCT01810042,1
NCT01810666,1
NCT01810809,1
NCT01811875,0
NCT01813201,0
NCT01813357,0
NCT01813643,0
NCT01813656,0
NCT01814085,1
NCT01814098,1
NCT01814956,0
NCT01815138,1
NCT01815268,1
NCT01816789,0
NCT01817777,0
NCT01818141,1
NCT01818648,0
NCT01818726,0
NCT01820897,0
NCT01822860,0
NCT01823393,0
NCT01823536,1
NCT01825577,0
NCT01825655,0
NCT01825941,0
NCT01826175,0
NCT01828359,1
NCT01828970,1
NCT01830491,1
NCT01830517,1
NCT01831947,1
NCT01833663,1
NCT01835379,1
NCT01836276,1
NCT01837069,0
NCT01838044,0
NCT01838616,1
NCT01842269,1
NCT01844206,0
NCT01844700,0
NCT01844778,1
NCT01845025,0
NCT01845831,1
NCT01846975,1
NCT01847430,1
NCT01848990,1
NCT01849588,0
NCT01850017,0
NCT01850251,0
NCT01850953,1
NCT01853176,0
NCT01856023,0
NCT01856738,0
NCT01858064,0
NCT01859793,0
NCT01860196,1
NCT01861145,0
NCT01861561,0
NCT01861717,0
NCT01862263,0
NCT01863199,0
NCT01863849,1
NCT01865175,0
NCT01865240,0
NCT01865695,0
NCT01865968,1
NCT01866267,1
NCT01866709,0
NCT01867021,0
NCT01868880,0
NCT01870427,1
NCT01870921,1
NCT01871532,0
NCT01872039,1
NCT01874236,0
NCT01875185,0
NCT01875848,0
NCT01877473,0
NCT01877642,1
NCT01879930,0
NCT01880112,0
NCT01880307,0
NCT01882075,0
NCT01882322,0
NCT01883011,0
NCT01886742,0
NCT01887041,0
NCT01887951,1
NCT01888237,0
NCT01889095,1
NCT01890629,1
NCT01890694,0
NCT01891500,0
NCT01892787,1
NCT01895335,1
NCT01896297,1
NCT01897532,1
NCT01899235,0
NCT01899690,0
NCT01900015,1
NCT01902004,1
NCT01902186,0
NCT01902524,1
NCT01903486,0
NCT01903720,1
NCT01907854,1
NCT01908556,1
NCT01910441,0
NCT01910675,0
NCT01911156,1
NCT01912677,1
NCT01912872,0
NCT01913431,1
NCT01913444,0
NCT01913808,1
NCT01915914,1
NCT01916200,0
NCT01916226,1
NCT01916902,0
NCT01917656,1
NCT01918059,0
NCT01918111,0
NCT01919190,0
NCT01919606,0
NCT01920074,0
NCT01921972,1
NCT01922037,1
NCT01922271,1
NCT01922687,1
NCT01923909,0
NCT01925781,0
NCT01926015,1
NCT01926054,0
NCT01927328,1
NCT01927757,0
NCT01929889,0
NCT01930682,1
NCT01932541,0
NCT01933022,0
NCT01935115,1
NCT01935908,0
NCT01936480,0
NCT01937325,1
NCT01939691,0
NCT01939977,1
NCT01940536,0
NCT01941134,0
NCT01942187,0
NCT01943240,0
NCT01943552,1
NCT01944631,1
NCT01944800,0
NCT01945788,1
NCT01948245,1
NCT01948960,1
NCT01949974,0
NCT01950819,1
NCT01951105,1
NCT01951768,0
NCT01957150,1
NCT01958073,0
NCT01958918,1
NCT01959451,1
NCT01959516,1
NCT01960192,1
NCT01960426,0
NCT01961271,1
NCT01963403,0
NCT01963728,0
NCT01964079,1
NCT01964547,1
NCT01966107,1
NCT01966653,1
NCT01966978,1
NCT01970241,1
NCT01970462,0
NCT01971918,0
NCT01972789,1
NCT01972932,0
NCT01974700,0
NCT01975194,0
NCT01975272,0
NCT01977339,0
NCT01977651,1
NCT01980082,0
NCT01980342,0
NCT01982071,0
NCT01982864,0
NCT01985334,1
NCT01987427,1
NCT01988662,1
NCT01989845,1
NCT01995513,0
NCT01996761,1
NCT01997138,0
NCT02000531,1
NCT02000661,0
NCT02002221,1
NCT02002377,0
NCT02003911,0
NCT02004366,1
NCT02006355,0
NCT02008370,0
NCT02008617,0
NCT02011620,0
NCT02011763,1
NCT02013102,1
NCT02014623,1
NCT02014740,1
NCT02015650,0
NCT02015663,0
NCT02015910,0
NCT02015923,0
NCT02015988,1
NCT02018432,0
NCT02019758,1
NCT02021201,0
NCT02023151,1
NCT02024477,1
NCT02025426,0
NCT02026089,0
NCT02027753,1
NCT02028312,0
NCT02028325,0
NCT02028676,1
NCT02029235,0
NCT02029846,0
NCT02030015,0
NCT02030314,0
NCT02031289,1
NCT02032134,0
NCT02032784,0
NCT02032862,0
NCT02033369,1
NCT02034279,0
NCT02034474,0
NCT02034747,1
NCT02034890,0
NCT02035345,0
NCT02037412,0
NCT02037776,1
NCT02038452,1
NCT02039050,1
NCT02039115,0
NCT02039440,1
NCT02040311,0
NCT02041299,0
NCT02041650,1
NCT02042001,0
NCT02046317,0
NCT02047630,0
NCT02047981,1
NCT02048085,0
NCT02048904,0
NCT02049762,1
NCT02050230,0
NCT02051075,0
NCT02052011,1
NCT02052635,0
NCT02052661,1
NCT02054936,0
NCT02056730,1
NCT02056938,0
NCT02057198,1
NCT02058290,0
NCT02058446,1
NCT02060734,0
NCT02061683,1
NCT02061969,1
NCT02062645,1
NCT02062892,0
NCT02063945,0
NCT02068365,1
NCT02068625,0
NCT02070341,0
NCT02072382,0
NCT02075528,1
NCT02076893,0
NCT02079805,0
NCT02080559,1
NCT02084771,0
NCT02085239,0
NCT02086474,1
NCT02086487,0
NCT02088515,0
NCT02089438,1
NCT02090348,0
NCT02090998,0
NCT02096107,1
NCT02097342,1
NCT02098837,1
NCT02099344,0
NCT02100228,0
NCT02100644,1
NCT02101554,0
NCT02103166,0
NCT02103660,1
NCT02104414,0
NCT02105623,0
NCT02106182,1
NCT02109289,0
NCT02110316,0
NCT02111291,1
NCT02111447,0
NCT02111512,1
NCT02114697,0
NCT02116582,1
NCT02117050,0
NCT02117076,0
NCT02118688,0
NCT02118870,0
NCT02119000,0
NCT02119273,0
NCT02120079,1
NCT02120261,0
NCT02120274,0
NCT02120755,0
NCT02121613,0
NCT02121847,1
NCT02124161,0
NCT02125604,1
NCT02125734,1
NCT02130817,0
NCT02130973,0
NCT02132286,1
NCT02133352,1
NCT02134002,0
NCT02135666,0
NCT02136875,1
NCT02138357,0
NCT02139033,1
NCT02140411,1
NCT02140788,0
NCT02142829,1
NCT02143141,0
NCT02143882,1
NCT02145338,1
NCT02145611,0
NCT02148640,1
NCT02148718,1
NCT02149888,1
NCT02152514,0
NCT02153177,0
NCT02153489,1
NCT02156336,0
NCT02156960,1
NCT02159599,1
NCT02160301,0
NCT02161016,0
NCT02161575,1
NCT02162433,0
NCT02164565,0
NCT02170519,0
NCT02172508,0
NCT02173262,1
NCT02174575,0
NCT02175784,1
NCT02176122,0
NCT02176642,0
NCT02176681,1
NCT02179892,0
NCT02180438,1
NCT02181023,1
NCT02181790,0
NCT02183792,1
NCT02184260,0
NCT02186405,0
NCT02187172,1
NCT02189395,0
NCT02191137,1
NCT02191579,1
NCT02195817,0
NCT02199613,1
NCT02199652,0
NCT02200328,0
NCT02201004,1
NCT02201394,1
NCT02201771,1
NCT02202369,0
NCT02202616,1
NCT02203357,1
NCT02203630,0
NCT02206932,0
NCT02208310,0
NCT02208843,1
NCT02209545,0
NCT02210949,0
NCT02211053,0
NCT02211482,1
NCT02211690,1
NCT02213757,0
NCT02213887,0
NCT02215863,0
NCT02216214,1
NCT02217982,0
NCT02220920,1
NCT02221154,0
NCT02221583,1
NCT02224066,1
NCT02224742,1
NCT02225821,0
NCT02226510,1
NCT02227849,1
NCT02228382,1
NCT02228616,1
NCT02228980,1
NCT02229747,1
NCT02229825,0
NCT02233543,1
NCT02233803,1
NCT02234375,0
NCT02234869,0
NCT02236611,1
NCT02237339,1
NCT02238353,1
NCT02238457,0
NCT02238977,0
NCT02240680,1
NCT02241876,0
NCT02241941,0
NCT02243176,1
NCT02245490,1
NCT02246998,1
NCT02248077,0
NCT02248870,0
NCT02250794,0
NCT02252432,0
NCT02253121,0
NCT02253394,0
NCT02254252,1
NCT02254928,0
NCT02255565,1
NCT02256189,1
NCT02256280,0
NCT02256462,1
NCT02257372,1
NCT02257632,1
NCT02258828,1
NCT02260609,1
NCT02261545,1
NCT02261727,0
NCT02263677,0
NCT02265445,0
NCT02270242,1
NCT02275481,0
NCT02277587,1
NCT02277990,1
NCT02278575,0
NCT02279342,0
NCT02280239,0
NCT02280486,1
NCT02282384,0
NCT02283905,0
NCT02284737,0
NCT02285374,1
NCT02287246,0
NCT02288273,1
NCT02291419,0
NCT02294279,1
NCT02294305,1
NCT02294539,1
NCT02297204,0
NCT02297516,1
NCT02298205,1
NCT02298985,1
NCT02299271,0
NCT02299388,0
NCT02299765,0
NCT02299947,0
NCT02300701,1
NCT02301403,1
NCT02301806,1
NCT02302508,0
NCT02304705,0
NCT02305238,1
NCT02308111,0
NCT02309281,1
NCT02316444,1
NCT02317276,0
NCT02318667,1
NCT02321436,1
NCT02323659,0
NCT02324699,0
NCT02324725,1
NCT02324933,0
NCT02325518,1
NCT02325960,1
NCT02329379,0
NCT02330640,1
NCT02332577,0
NCT02332954,1
NCT02333344,0
NCT02333851,0
NCT02334644,0
NCT02334826,0
NCT02336308,0
NCT02338570,0
NCT02341105,0
NCT02342704,0
NCT02343159,0
NCT02343575,0
NCT02346630,0
NCT02346877,0
NCT02347033,0
NCT02348723,1
NCT02350478,0
NCT02350543,0
NCT02351908,1
NCT02351960,1
NCT02351973,1
NCT02353299,1
NCT02353754,0
NCT02353806,1
NCT02355938,0
NCT02357615,1
NCT02357758,0
NCT02358642,0
NCT02358850,0
NCT02360319,1
NCT02360592,1
NCT02363543,0
NCT02365233,0
NCT02366975,1
NCT02369744,0
NCT02369809,1
NCT02370979,0
NCT02371629,1
NCT02371941,0
NCT02372149,0
NCT02373098,1
NCT02373462,0
NCT02373865,0
NCT02375724,1
NCT02376010,1
NCT02377661,0
NCT02378740,0
NCT02380118,0
NCT02380521,1
NCT02382016,1
NCT02382523,0
NCT02385266,0
NCT02385500,0
NCT02385513,1
NCT02388321,0
NCT02389452,1
NCT02389582,1
NCT02389712,0
NCT02392364,1
NCT02394600,0
NCT02396030,0
NCT02396732,0
NCT02397421,0
NCT02400112,0
NCT02401035,0
NCT02401880,1
NCT02403349,1
NCT02404233,1
NCT02406677,1
NCT02407314,0
NCT02408159,0
NCT02408991,0
NCT02409433,0
NCT02410278,0
NCT02410655,0
NCT02413515,1
NCT02413918,1
NCT02414555,0
NCT02415400,1
NCT02416102,0
NCT02416271,1
NCT02417649,0
NCT02417935,1
NCT02418468,0
NCT02422888,1
NCT02423018,0
NCT02423265,0
NCT02424344,1
NCT02424552,0
NCT02425826,1
NCT02426294,1
NCT02426541,0
NCT02429258,1
NCT02429388,0
NCT02429583,0
NCT02431754,1
NCT02432833,1
NCT02433119,1
NCT02433353,0
NCT02433704,0
NCT02435095,0
NCT02435771,0
NCT02436265,0
NCT02438371,0
NCT02441517,0
NCT02441816,1
NCT02441894,1
NCT02442206,1
NCT02445703,1
NCT02447016,0
NCT02449486,0
NCT02449603,1
NCT02453685,1
NCT02454348,0
NCT02457130,1
NCT02458157,0
NCT02458768,1
NCT02461758,1
NCT02462421,0
NCT02464176,0
NCT02465008,0
NCT02465515,1
NCT02467075,0
NCT02471404,1
NCT02471560,1
NCT02472366,1
NCT02472509,0
NCT02472652,0
NCT02473276,0
NCT02473562,0
NCT02474706,0
NCT02475057,1
NCT02477150,1
NCT02477527,1
NCT02478515,1
NCT02479074,0
NCT02480465,1
NCT02480647,1
NCT02482233,1
NCT02485080,0
NCT02487732,1
NCT02489097,0
NCT02491970,0
NCT02494284,0
NCT02496039,0
NCT02498496,0
NCT02499185,0
NCT02499237,1
NCT02502864,0
NCT02503462,0
NCT02503540,1
NCT02504203,0
NCT02504723,0
NCT02507050,0
NCT02510976,1
NCT02512601,0
NCT02513147,0
NCT02514018,1
NCT02515799,1
NCT02515851,0
NCT02516592,1
NCT02518464,0
NCT02520726,0
NCT02523235,0
NCT02524652,1
NCT02526615,1
NCT02526810,1
NCT02527733,1
NCT02527993,1
NCT02528201,0
NCT02528617,0
NCT02529059,1
NCT02530359,0
NCT02530879,0
NCT02531321,0
NCT02533492,1
NCT02533505,1
NCT02539095,1
NCT02544269,0
NCT02545738,1
NCT02545842,1
NCT02546492,0
NCT02547714,1
NCT02548533,0
NCT02548650,0
NCT02549573,0
NCT02553707,1
NCT02554279,1
NCT02554890,1
NCT02554981,1
NCT02556918,0
NCT02558114,0
NCT02558361,0
NCT02559856,0
NCT02561117,0
NCT02561130,0
NCT02561897,0
NCT02564107,1
NCT02566031,1
NCT02566577,0
NCT02567331,1
NCT02567461,0
NCT02567552,1
NCT02568007,0
NCT02570243,1
NCT02571608,0
NCT02573012,1
NCT02573597,0
NCT02575365,0
NCT02578186,1
NCT02578537,1
NCT02578719,0
NCT02579603,1
NCT02579733,0
NCT02579772,0
NCT02580474,1
NCT02581995,1
NCT02582203,0
NCT02582983,1
NCT02587130,0
NCT02589626,1
NCT02589639,1
NCT02590224,1
NCT02592486,1
NCT02596035,1
NCT02597556,0
NCT02598063,1
NCT02598193,1
NCT02598362,0
NCT02599701,0
NCT02601222,1
NCT02601664,0
NCT02603393,0
NCT02604940,1
NCT02605824,0
NCT02606552,0
NCT02607241,0
NCT02608060,0
NCT02608099,1
NCT02608905,0
NCT02610088,1
NCT02616497,1
NCT02620904,0
NCT02620995,1
NCT02622113,1
NCT02623361,0
NCT02623959,0
NCT02624063,0
NCT02624141,0
NCT02624544,0
NCT02624856,0
NCT02626845,0
NCT02629146,1
NCT02631772,0
NCT02633852,1
NCT02634281,1
NCT02634320,1
NCT02634983,1
NCT02637466,0
NCT02637973,1
NCT02638168,0
NCT02638233,1
NCT02641379,0
NCT02642159,1
NCT02642380,0
NCT02642419,0
NCT02643433,1
NCT02643979,0
NCT02644473,0
NCT02651116,0
NCT02653131,0
NCT02654145,1
NCT02655523,0
NCT02655562,0
NCT02656173,1
NCT02658877,0
NCT02659150,0
NCT02660684,1
NCT02661295,0
NCT02662023,1
NCT02662036,0
NCT02665286,0
NCT02665689,0
NCT02666365,0
NCT02668172,1
NCT02668432,0
NCT02669082,1
NCT02673372,1
NCT02675413,0
NCT02675816,0
NCT02675855,1
NCT02680054,0
NCT02680626,0
NCT02680847,0
NCT02682563,1
NCT02683109,1
NCT02684084,0
NCT02684136,0
NCT02686749,0
NCT02687100,0
NCT02688933,1
NCT02689024,0
NCT02690974,1
NCT02691195,1
NCT02693002,0
NCT02694744,1
NCT02696850,1
NCT02697955,1
NCT02698228,0
NCT02700334,1
NCT02703584,1
NCT02703610,0
NCT02705807,1
NCT02706067,1
NCT02706119,1
NCT02707874,0
NCT02708355,1
NCT02713490,1
NCT02714049,0
NCT02717949,0
NCT02718118,0
NCT02721550,0
NCT02721576,0
NCT02723981,0
NCT02724033,0
NCT02724150,0
NCT02727101,0
NCT02727322,0
NCT02728453,0
NCT02729805,0
NCT02733341,0
NCT02734940,0
NCT02738151,1
NCT02738580,1
NCT02741076,0
NCT02741817,1
NCT02742467,1
NCT02748395,0
NCT02749370,1
NCT02749825,0
NCT02750930,0
NCT02752776,1
NCT02753114,1
NCT02754518,1
NCT02755753,0
NCT02760420,0
NCT02760615,0
NCT02761629,1
NCT02763007,0
NCT02765347,0
NCT02767596,0
NCT02768220,0
NCT02768532,0
NCT02768571,1
NCT02768961,1
NCT02770248,1
NCT02770508,1
NCT02771158,0
NCT02771717,1
NCT02771925,0
NCT02773550,0
NCT02774148,0
NCT02776540,1
NCT02777190,0
NCT02779153,0
NCT02779257,0
NCT02780622,1
NCT02781649,1
NCT02783404,0
NCT02785575,1
NCT02786979,0
NCT02787226,0
NCT02788019,0
NCT02788656,0
NCT02790528,0
NCT02790736,0
NCT02791269,1
NCT02793154,0
NCT02796144,0
NCT02797119,0
NCT02798952,1
NCT02799589,0
NCT02799784,1
NCT02805907,1
NCT02807467,0
NCT02808767,0
NCT02809755,0
NCT02809963,0
NCT02811484,0
NCT02819921,0
NCT02820493,0
NCT02821819,0
NCT02823470,0
NCT02823977,0
NCT02824432,0
NCT02825719,0
NCT02829281,1
NCT02831205,0
NCT02831855,1
NCT02831946,1
NCT02832999,1
NCT02836704,1
NCT02839889,0
NCT02840513,0
NCT02840591,0
NCT02842554,0
NCT02843789,1
NCT02847091,1
NCT02847260,1
NCT02852265,1
NCT02853123,1
NCT02856698,0
NCT02857842,1
NCT02858713,1
NCT02863705,1
NCT02863744,0
NCT02864342,1
NCT02867904,0
NCT02873806,1
NCT02874794,0
NCT02875028,1
NCT02875886,1
NCT02881528,0
NCT02882126,0
NCT02885012,0
NCT02887183,1
NCT02887677,0
NCT02893995,0
NCT02894554,0
NCT02895958,0
NCT02897115,0
NCT02901951,1
NCT02902172,0
NCT02902744,0
NCT02902770,1
NCT02903407,0
NCT02905864,1
NCT02907216,1
NCT02908516,0
NCT02909504,0
NCT02911818,1
NCT02911961,0
NCT02912364,1
NCT02912455,0
NCT02914691,1
NCT02915042,0
NCT02915302,1
NCT02918708,0
NCT02920710,0
NCT02922985,0
NCT02926573,1
NCT02926651,0
NCT02927405,0
NCT02932579,0
NCT02935387,0
NCT02936115,0
NCT02940691,0
NCT02943369,1
NCT02946580,0
NCT02947178,0
NCT02948881,1
NCT02949232,0
NCT02949492,0
NCT02951884,0
NCT02953106,0
NCT02957877,1
NCT02958631,1
NCT02959359,0
NCT02963103,0
NCT02966002,0
NCT02966236,1
NCT02966288,0
NCT02968160,0
NCT02968901,0
NCT02969876,0
NCT02970773,0
NCT02972502,0
NCT02972632,1
NCT02974504,1
NCT02974777,0
NCT02975583,0
NCT02977286,0
NCT02978833,0
NCT02984982,0
NCT02985242,0
NCT02985840,0
NCT02987751,0
NCT02987920,0
NCT02990312,0
NCT02995512,0
NCT02997722,0
NCT02998970,1
NCT03002506,0
NCT03003338,0
NCT03010423,0
NCT03014479,1
NCT03015051,0
NCT03015961,0
NCT03018106,0
NCT03018704,0
NCT03020472,0
NCT03020563,0
NCT03021083,0
NCT03021590,0
NCT03022201,1
NCT03023709,0
NCT03026023,0
NCT03027934,0
NCT03028129,0
NCT03028701,1
NCT03028987,0
NCT03032042,0
NCT03034733,0
NCT03034915,1
NCT03038009,0
NCT03040167,0
NCT03040323,0
NCT03042130,0
NCT03042325,0
NCT03042546,0
NCT03044314,0
NCT03044652,1
NCT03044808,0
NCT03044964,1
NCT03050229,1
NCT03051503,1
NCT03051516,0
NCT03051698,0
NCT03053739,0
NCT03057470,1
NCT03059277,0
NCT03060512,0
NCT03065218,0
NCT03067740,1
NCT03068065,1
NCT03068975,0
NCT03070314,0
NCT03073369,0
NCT03073850,0
NCT03073876,1
NCT03075163,0
NCT03078270,0
NCT03078725,0
NCT03080545,1
NCT03081169,0
NCT03089619,0
NCT03093740,0
NCT03095222,0
NCT03096327,1
NCT03098121,1
NCT03098368,1
NCT03100253,0
NCT03103919,1
NCT03104998,0
NCT03105349,0
NCT03106753,0
NCT03108690,0
NCT03112122,0
NCT03112187,1
NCT03118713,0
NCT03119038,0
NCT03119584,1
NCT03119662,0
NCT03140631,1
NCT03143101,1
NCT03143530,0
NCT03143816,1
NCT03143998,0
NCT03146247,0
NCT03146858,1
NCT03149887,1
NCT03150524,0
NCT03150537,1
NCT03150602,1
NCT03151551,1
NCT03151746,0
NCT03152084,0
NCT03164551,0
NCT03165825,0
NCT03167281,0
NCT03168178,0
NCT03172897,0
NCT03172988,0
NCT03179813,1
NCT03181464,0
NCT03181685,0
NCT03181880,0
NCT03182933,0
NCT03183492,0
NCT03191201,0
NCT03192371,0
NCT03200093,0
NCT03200600,0
NCT03207399,0
NCT03212352,0
NCT03219866,0
NCT03221582,0
NCT03224923,0
NCT03226080,0
NCT03231228,0
NCT03231397,0
NCT03232749,0
NCT03238703,0
NCT03241875,1
NCT03246620,0
NCT03251911,0
NCT03253224,0
NCT03253562,1
NCT03258281,0
NCT03262038,0
NCT03262142,0
NCT03265951,0
NCT03266991,0
NCT03269175,1
NCT03269383,0
NCT03278938,0
NCT03279133,0
NCT03279861,0
NCT03282136,1
NCT03283150,0
NCT03286205,0
NCT03290196,0
NCT03296033,0
NCT03296670,1
NCT03297879,1
NCT03299387,0
NCT03300479,0
NCT03304457,1
NCT03305055,0
NCT03309592,0
NCT03312517,1
NCT03316118,0
NCT03323528,1
NCT03330171,1
NCT03331770,1
NCT03333551,0
NCT03335124,0
NCT03335436,0
NCT03337152,0
NCT03340610,1
NCT03344029,1
NCT03345940,0
NCT03347461,0
NCT03348735,0
NCT03353948,1
NCT03355079,0
NCT03355326,0
NCT03361137,0
NCT03363191,0
NCT03363503,0
NCT03363789,0
NCT03369379,0
NCT03369782,0
NCT03371823,0
NCT03380091,0
NCT03382925,0
NCT03383198,0
NCT03385538,0
NCT03385967,0
NCT03387059,0
NCT03388931,0
NCT03389061,0
NCT03390426,1
NCT03395535,1
NCT03397966,0
NCT03398018,0
NCT03401749,0
NCT03402165,1
NCT03403036,1
NCT03405818,1
NCT03408015,0
NCT03408405,0
NCT03418649,0
NCT03423082,0
NCT03443778,1
NCT03444636,1
NCT03460041,1
NCT03460678,0
NCT03464656,1
NCT03470376,1
NCT03472872,0
NCT03473665,0
NCT03478163,0
NCT03480607,1
NCT03490396,0
NCT03493412,0
NCT03502291,1
NCT03504566,0
NCT03506009,0
NCT03511521,0
NCT03523091,0
NCT03523715,0
NCT03526367,0
NCT03526536,0
NCT03529097,0
NCT03531437,0
NCT03532425,0
NCT03536390,0
NCT03546192,1
NCT03546400,0
NCT03547778,0
NCT03551197,1
NCT03552445,1
NCT03552991,0
NCT03560232,0
NCT03573076,0
NCT03573323,1
NCT03574857,0
NCT03576599,0
NCT03580005,0
NCT03581084,0
NCT03585101,0
NCT03587571,0
NCT03589495,0
NCT03590743,0
NCT03595982,0
NCT03598582,0
NCT03606356,1
NCT03614052,0
NCT03616639,0
NCT03623568,0
NCT03624985,0
NCT03626376,0
NCT03629886,1
NCT03631901,1
NCT03638635,0
NCT03640221,0
NCT03642184,0
NCT03643159,0
NCT03646916,0
NCT03651804,0
NCT03655821,0
NCT03656692,0
NCT03658876,1
NCT03661983,0
NCT03673605,0
NCT03675854,0
NCT03678506,0
NCT03679481,0
NCT03686696,0
NCT03694197,0
NCT03694821,0
NCT03695172,0
NCT03695822,0
NCT03697993,0
NCT03714867,0
NCT03724955,0
NCT03729284,0
NCT03731117,0
NCT03732469,0
NCT03735433,0
NCT03735758,0
NCT03740243,0
NCT03750656,0
NCT03756454,0
NCT03761030,0
NCT03774615,0
NCT03791814,0
NCT03795194,0
NCT03796195,0
NCT03797066,0
NCT03801031,0
NCT03805672,0
NCT03809897,0
NCT03824808,0
NCT03825939,0
NCT03833596,0
NCT03844633,0
NCT03846258,0
NCT03849365,0
NCT03866538,0
NCT03872336,0
NCT03877692,0
NCT03881995,0
NCT03888807,0
NCT03898973,0
NCT03902938,0
NCT03906916,0
NCT03943693,0
NCT03949842,0
NCT03955458,0
NCT03956589,0
NCT03959345,0
NCT03967288,0
NCT03971110,0
NCT03988205,0
NCT03994146,0
NCT03998709,0
NCT04002037,0
NCT04028713,0
NCT04033562,0
NCT04036721,0
NCT04041596,0
NCT04042168,0
NCT04056650,0
NCT04059445,0
NCT04059458,0
NCT04071626,0
NCT04080908,0
NCT04108962,0
NCT04126278,0
NCT04132349,0
NCT04133480,0
NCT04134208,0
NCT04140409,0
NCT04140968,0
NCT04141917,0
NCT04142788,0
NCT04155008,0
NCT04195958,0
NCT04208516,0
NCT04212065,0
NCT04220125,0
NCT04222257,0
NCT04226456,0
NCT04229771,0
NCT04234477,0
NCT04235322,0
NCT04240210,0
NCT04241744,0
NCT04249037,0
NCT04258410,0
NCT04274803,0
NCT04287348,0
NCT04323280,0
NCT04329091,0
NCT04330079,0
NCT04334967,0
NCT04335786,0
NCT04341493,0
NCT04346667,0
NCT04348006,0
NCT04349124,0
NCT04351191,0
NCT04359862,0
NCT04362332,0
NCT04374474,0
NCT04388189,0
NCT04401553,0
NCT04405050,0
NCT04406389,0
NCT04411316,0
NCT04413253,0
NCT04420585,0
NCT04423588,0
NCT04434378,0
NCT04435782,0
NCT04443608,0
NCT04444830,0
NCT04464629,0
NCT04487912,0
NCT04488185,0
NCT04498468,0
NCT04513314,0
NCT04532554,0
NCT04533737,0
NCT04544709,0
NCT04547985,0
NCT04558125,0
NCT04560010,0
NCT04561375,0
NCT04574947,0
NCT04578015,0
NCT04594070,0
NCT04601532,0
NCT04602494,0
NCT04624672,0
NCT04625517,0
NCT04638400,0
NCT04648696,0
NCT04650698,0
NCT04657679,0
NCT04662840,0
NCT04663269,0
NCT04682366,0
NCT04687800,0
NCT04741204,0
NCT04745663,0
NCT04746430,0
NCT04780581,0
NCT04785924,0
NCT04792970,0
NCT04814433,0
NCT04877457,0
NCT04941443,0
NCT04981678,0
NCT04991350,0
NCT05003102,0
NCT05004077,0
NCT05051150,0
NCT05057897,0
NCT05075538,0
NCT05087771,0
NCT05095311,0
NCT05102162,0
NCT05113901,0
NCT05116228,0
NCT05118620,0
NCT05119439,0
NCT05125679,0
NCT05157464,0
NCT05158153,0
NCT05165212,0
NCT05165732,0
NCT05178485,0
NCT05205837,0
NCT05238896,0
NCT05269667,0
NCT05275907,0
NCT05278858,0
NCT05295394,0
NCT05315479,0
NCT05363436,0
NCT05422001,0
NCT05461053,0
NCT05466539,0
NCT05492695,0
NCT05492851,0
NCT05537935,0
NCT05542446,0
NCT05735756,0
NCT05788991,0
NCT05887479,0
