mortality_rate,Y/N
0.0,0
0.0357142857142857,1
0.0,0
0.0,0
0.0,0
0.6956521739130435,1
0.6153846153846154,1
0.0,0
0.079646017699115,1
0.0,0
0.1566265060240964,1
0.0238095238095238,1
0.0,0
0.5104166666666666,1
0.0,0
0.6,1
0.6779026217228464,1
0.0,0
0.0,0
0.0,0
0.016260162601626,1
0.0,0
0.5909090909090909,1
0.0,0
0.0,0
0.0,0
0.0,0
0.0,0
0.0,0
0.0384615384615384,1
0.6764705882352942,1
0.025,1
0.0833333333333333,1
0.0,0
0.0,0
0.0,0
0.0,0
0.7401574803149606,1
0.0909090909090909,1
0.0,0
0.0,0
0.0017361111111111,1
0.0,0
0.075,1
0.0,0
0.0,0
0.0428571428571428,1
0.0,0
0.0,0
0.0769230769230769,1
0.1,1
0.5,1
0.3823529411764705,1
0.135593220338983,1
0.2758620689655172,1
0.4186046511627907,1
0.0,0
0.3921568627450979,1
0.0,0
0.0,0
1.0,1
0.0895522388059701,1
0.2181818181818181,1
0.8012048192771084,1
0.0,0
0.0,0
0.075,1
0.0,0
0.0,0
0.0,0
0.1304347826086956,1
0.0051107325383304,1
0.0597014925373134,1
0.0,0
0.0434782608695652,1
0.5,1
0.6363636363636364,1
0.0833333333333333,1
0.0022371364653243,1
0.0,0
0.0,0
0.4099099099099099,1
0.0,0
0.0,0
0.0,0
0.0,0
0.5849056603773585,1
1.0,1
0.04,1
0.0,0
0.0,0
0.2716049382716049,1
0.0307692307692307,1
0.0,0
0.4285714285714285,1
0.0,0
0.0,0
0.0,0
0.0,0
0.4554455445544554,1
0.0,0
0.0044642857142857,1
0.0,0
1.0,1
0.0,0
0.2222222222222222,1
0.0,0
0.0,0
0.9444444444444444,1
0.0,0
0.0,0
0.0,0
0.0,0
0.0049627791563275,1
0.35,1
0.0,0
0.0,0
0.0375,1
0.0,0
0.1081081081081081,1
0.0,0
0.0,0
0.0,0
1.0,1
0.0,0
0.0,0
0.0,0
0.2,1
0.0,0
0.0377358490566037,1
0.1967213114754098,1
0.0692041522491349,1
0.0,0
0.0588235294117647,1
0.0,0
0.0,0
0.8099173553719008,1
0.0,0
0.1358024691358024,1
0.0,0
0.7666666666666667,1
0.0,0
0.9761904761904762,1
0.0,0
0.0,0
0.8235294117647058,1
0.4113924050632911,1
0.3157894736842105,1
0.5151515151515151,1
0.0625,1
0.7142857142857143,1
0.1,1
0.9629629629629628,1
0.0769230769230769,1
0.6666666666666666,1
0.04,1
0.5555555555555556,1
0.0,0
0.0079365079365079,1
0.0812720848056537,1
0.0,0
0.0034554250172771,1
0.0392156862745098,1
0.0,0
0.2692307692307692,1
0.0,0
0.0,0
0.0606060606060606,1
0.0,0
0.0,0
0.0,0
0.0,0
0.0,0
0.0,0
0.3428571428571428,1
0.8,1
0.0,0
0.0092165898617511,1
0.1304347826086956,1
0.0,0
0.7563025210084033,1
0.0,0
0.58,1
0.0,0
0.0,0
0.0119760479041916,1
0.0,0
0.0,0
0.0,0
0.0119521912350597,1
0.0,0
0.0192307692307692,1
0.0,0
0.0,0
0.5641025641025641,1
0.0181818181818181,1
0.25,1
0.0,0
0.0,0
0.9629057187017002,1
0.0,0
0.0047923322683706,1
0.3166666666666666,1
0.0,0
0.0,0
0.7391304347826086,1
0.1794871794871795,1
0.0,0
0.0,0
0.0010449320794148,1
0.0,0
0.0,0
0.5,1
0.0,0
0.0,0
0.0483870967741935,1
0.0,0
0.2222222222222222,1
0.0,0
0.0,0
0.0,0
0.1587301587301587,1
0.0055248618784529,1
0.703030303030303,1
0.0,0
0.0,0
0.9404255319148936,1
0.0,0
0.0,0
0.0033613445378151,1
0.0,0
0.1076923076923077,1
0.0,0
0.0,0
0.0,0
0.5135135135135135,1
0.0,0
0.0909090909090909,1
0.0,0
0.0075187969924812,1
0.6959064327485379,1
0.0,0
0.0,0
0.0,0
0.0,0
0.0790513833992094,1
0.0,0
0.0,0
0.0,0
0.0,0
0.0,0
0.0,0
0.0,0
0.0,0
0.4871794871794871,1
0.0037453183520599,1
0.0,0
0.0,0
0.0,0
0.0,0
0.1206896551724138,1
0.0053475935828877,1
1.0,1
0.0,0
0.0123456790123456,1
0.0,0
1.0,1
0.0,0
0.5,1
0.6774193548387096,1
0.0,0
0.5111111111111111,1
0.0,0
0.0,0
0.0,0
0.00390625,1
0.1904761904761904,1
0.0,0
0.8087855297157622,1
0.0,0
0.0,0
0.0416666666666666,1
0.0,0
0.1081081081081081,1
0.0,0
0.6833333333333333,1
0.0,0
0.0,0
0.0454545454545454,1
0.0,0
0.0129870129870129,1
0.0022026431718061,1
0.0,0
0.094017094017094,1
0.0,0
0.0476190476190476,1
0.1111111111111111,1
0.0,0
0.5,1
1.0,1
0.0,0
0.0,0
0.0,0
0.2666666666666666,1
0.0,0
0.8780487804878049,1
0.0,0
0.0,0
0.0,0
0.5142857142857142,1
0.0,0
0.5930232558139535,1
0.0034188034188034,1
0.1538461538461538,1
0.0,0
0.0357142857142857,1
0.0,0
0.0,0
0.1792452830188679,1
0.0,0
0.0,0
0.0,0
0.0416666666666666,1
0.0,0
0.0,0
0.125,1
0.0,0
0.0,0
0.0,0
0.8,1
0.0093457943925233,1
0.0,0
0.0181818181818181,1
0.0,0
0.0,0
0.0,0
0.0,0
0.0,0
0.0,0
0.074074074074074,1
0.0,0
0.0,0
0.0,0
0.0,0
0.0,0
0.8387096774193549,1
0.0054644808743169,1
0.0,0
0.0,0
0.0705882352941176,1
0.5118110236220472,1
0.0,0
0.0,0
0.0,0
0.2063492063492063,1
0.0,0
0.0,0
0.24,1
0.2142857142857142,1
0.0,0
0.0,0
0.1666666666666666,1
0.0789473684210526,1
0.0,0
0.391304347826087,1
0.0,0
0.25,1
0.0,0
0.6540084388185654,1
0.0,0
0.6888888888888889,1
0.1,1
0.0,0
0.0545454545454545,1
0.027027027027027,1
0.8285714285714286,1
0.0,0
0.5555555555555556,1
0.0,0
0.0,0
0.0,0
0.0666666666666666,1
0.8120104438642297,1
0.0217391304347826,1
0.0,0
0.0,0
0.0,0
0.0,0
0.0441176470588235,1
0.2,1
0.0,0
0.7849462365591398,1
0.0,0
0.0138888888888888,1
0.0,0
0.0,0
0.0307692307692307,1
0.3615819209039548,1
0.0,0
0.0,0
0.0,0
0.9625,1
0.8888888888888888,1
0.2580645161290322,1
0.0051282051282051,1
0.0571428571428571,1
0.0,0
0.0,0
0.0,0
0.03125,1
0.9666666666666668,1
0.0,0
0.0,0
0.0,0
0.0,0
0.12,1
0.0,0
0.0,0
0.0,0
0.0,0
0.3414634146341463,1
0.0,0
1.0,1
0.0,0
0.0,0
0.75,1
0.2307692307692307,1
0.0338983050847457,1
0.0,0
0.5945945945945946,1
0.0,0
0.0,0
0.0,0
0.0,0
0.3548387096774194,1
0.0,0
0.0,0
0.0,0
0.1111111111111111,1
0.0,0
0.0,0
0.0101010101010101,1
0.0,0
0.0,0
0.7333333333333333,1
0.025,1
0.0,0
0.0,0
0.0,0
0.0,0
1.0,1
0.0,0
0.0,0
0.0,0
0.0,0
0.0,0
0.7232704402515723,1
0.0,0
0.0,0
0.0,0
0.0,0
0.0,0
0.0,0
0.0,0
0.0,0
0.003831417624521,1
0.0,0
0.0,0
0.0175438596491228,1
0.0,0
0.0,0
0.0,0
0.0,0
0.0,0
0.1538461538461538,1
0.1162790697674418,1
0.0,0
0.0054945054945054,1
0.0,0
0.0,0
0.0,0
0.3333333333333333,1
0.1612903225806451,1
0.0,0
0.0,0
0.0377358490566037,1
0.0298507462686567,1
0.65,1
0.0,0
0.0227272727272727,1
0.0,0
0.0,0
0.0,0
0.0930232558139534,1
0.0,0
0.0,0
0.0,0
1.0,1
0.0389610389610389,1
0.0,0
0.0,0
0.0,0
0.0,0
0.0,0
0.0,0
0.813953488372093,1
0.0,0
0.0,0
0.0,0
0.0,0
0.0,0
0.0921052631578947,1
0.0052083333333333,1
0.0,0
0.0,0
0.0,0
0.8333333333333334,1
0.4285714285714285,1
0.0378787878787878,1
0.0138888888888888,1
0.0013888888888888,1
0.2083333333333333,1
0.3235294117647059,1
0.7333333333333333,1
0.0,0
0.0,0
0.0,0
0.0,0
0.0,0
0.0,0
0.0,0
0.0441176470588235,1
0.0,0
0.0388349514563106,1
0.8666666666666667,1
0.0,0
0.0,0
0.0,0
0.0,0
0.011142061281337,1
0.0,0
0.0,0
0.0,0
0.0,0
0.0,0
0.5454545454545454,1
0.0849673202614379,1
0.82,1
0.0,0
0.0,0
0.2272727272727272,1
0.0606060606060606,1
0.8611111111111112,1
0.9629629629629628,1
0.0689655172413793,1
0.0,0
0.0,0
0.005813953488372,1
0.5057471264367817,1
0.2413793103448276,1
0.0,0
0.0,0
0.0,0
0.8695652173913043,1
0.0873015873015873,1
0.0,0
0.2,1
0.0635451505016722,1
0.0,0
0.0,0
0.05,1
0.0,0
0.5967741935483871,1
0.0,0
0.0294117647058823,1
0.4193548387096774,1
0.0,0
0.0,0
0.0263157894736842,1
0.0144927536231884,1
0.0,0
0.0,0
0.0,0
0.0208333333333333,1
0.0,0
0.0,0
0.1408450704225352,1
0.125,1
0.375,1
0.0,0
0.0,0
0.0909090909090909,1
0.1481481481481481,1
0.0,0
0.96,1
0.2,1
0.1809523809523809,1
0.0,0
0.0,0
0.0,0
0.0,0
0.0,0
0.0,0
0.0263157894736842,1
0.0,0
0.0,0
0.75,1
0.0,0
0.0,0
0.0,0
0.0,0
0.6086956521739131,1
0.51,1
0.0,0
0.0,0
0.016260162601626,1
0.0,0
0.0,0
0.0,0
0.0,0
0.0,0
0.736,1
0.0,0
1.0,1
0.3333333333333333,1
0.0,0
0.0064935064935064,1
0.0,0
0.0,0
0.0041322314049586,1
0.1585365853658536,1
0.0,0
0.0,0
0.0,0
0.56,1
0.0,0
0.6,1
0.0,0
0.0,0
0.0,0
0.0,0
0.0476190476190476,1
0.8,1
0.1290322580645161,1
0.0,0
0.1,1
0.0,0
0.0,0
0.7346938775510204,1
0.3333333333333333,1
0.0055555555555555,1
0.0,0
0.0,0
0.0,0
0.0047393364928909,1
0.0,0
0.7857142857142857,1
0.0,0
0.0,0
0.8235294117647058,1
0.0,0
0.0,0
0.0333333333333333,1
0.0169491525423728,1
0.0,0
0.4736842105263157,1
0.7058823529411765,1
0.0,0
0.0,0
0.0,0
0.0,0
0.0333333333333333,1
1.0,1
0.0020876826722338,1
0.0,0
0.0,0
0.0,0
0.8235294117647058,1
0.1333333333333333,1
0.4098360655737705,1
0.0,0
0.1,1
0.0,0
0.0129870129870129,1
0.4516129032258064,1
0.0083333333333333,1
0.45,1
0.0,0
0.0,0
0.4285714285714285,1
0.0566037735849056,1
0.0140845070422535,1
0.0,0
0.03125,1
0.0263157894736842,1
0.0,0
0.0,0
0.0,0
0.4566929133858268,1
0.6653846153846154,1
0.0,0
0.0,0
0.5416666666666666,1
0.00625,1
0.0,0
0.0,0
0.0,0
0.0009578544061302,1
0.0,0
0.0,0
0.0526315789473684,1
0.0,0
0.0,0
0.025,1
0.2394366197183098,1
0.0,0
0.5,1
0.0022321428571428,1
0.0,0
0.0,0
0.125,1
0.0526315789473684,1
0.0052356020942408,1
0.0,0
0.45,1
0.0,0
0.9166666666666666,1
0.0,0
0.0,0
0.0,0
0.0,0
0.0632911392405063,1
0.0,0
0.0,0
0.02,1
0.0,0
0.0,0
0.0,0
0.0,0
0.0,0
0.0,0
0.5128205128205128,1
0.0,0
0.0,0
0.0,0
0.0,0
0.0666666666666666,1
0.0,0
0.0384615384615384,1
0.0,0
0.0,0
0.0,0
0.0,0
0.0,0
0.0,0
0.0,0
0.047945205479452,1
0.0266666666666666,1
0.0555555555555555,1
0.5,1
0.0,0
0.0,0
0.972972972972973,1
0.0909090909090909,1
0.0,0
0.0,0
1.0,1
0.8938053097345132,1
0.0,0
0.0531914893617021,1
0.0031847133757961,1
0.0087719298245614,1
1.0,1
0.0,0
0.025,1
0.25,1
0.7344632768361582,1
0.0,0
0.4639175257731959,1
0.0,0
0.0,0
0.0,0
0.0,0
0.0930232558139534,1
0.0,0
0.0031347962382445,1
0.0,0
0.0,0
0.0714285714285714,1
0.0,0
0.0666666666666666,1
0.0,0
0.0,0
0.0,0
0.0,0
0.0,0
0.2884615384615384,1
0.8536585365853658,1
0.0077519379844961,1
0.0,0
0.0,0
0.0,0
0.0,0
0.0,0
0.0,0
0.0434782608695652,1
0.0109890109890109,1
0.0,0
0.0,0
0.8571428571428571,1
0.0,0
0.0035971223021582,1
0.0,0
0.0,0
0.0,0
0.0,0
0.4133333333333333,1
0.0,0
0.0,0
0.1705426356589147,1
0.0909090909090909,1
0.0,0
0.0,0
0.0,0
0.0,0
0.0,0
0.8125,1
0.15,1
0.0,0
0.0126582278481012,1
0.2368421052631578,1
0.0,0
0.0,0
0.2647058823529412,1
0.0,0
0.0,0
0.0666666666666666,1
0.7222222222222222,1
0.0,0
0.0909090909090909,1
0.0,0
0.0,0
0.0,0
0.0398009950248756,1
0.1794871794871795,1
0.0,0
0.0285714285714285,1
0.0,0
0.0,0
0.1379310344827586,1
0.0512820512820512,1
0.0,0
0.0,0
0.3947368421052631,1
0.0,0
0.7,1
0.0,0
0.0082987551867219,1
0.0,0
0.0,0
0.0,0
0.0,0
0.0,0
0.2803738317757009,1
1.0,1
0.0,0
0.0,0
0.0,0
0.0,0
0.0555555555555555,1
0.3414634146341463,1
0.4375,1
0.0,0
0.0092592592592592,1
0.4647887323943662,1
0.2789115646258503,1
0.0769230769230769,1
0.0048780487804878,1
0.0,0
0.0,0
0.0,0
0.0,0
0.028169014084507,1
0.0,0
0.0,0
0.0,0
0.5806451612903226,1
0.7347826086956522,1
0.0016447368421052,1
0.0,0
0.0554323725055432,1
0.0,0
0.0,0
0.53125,1
0.25,1
0.3684210526315789,1
0.0,0
0.0,0
0.875,1
0.0210526315789473,1
0.0,0
0.4473684210526316,1
0.0,0
0.6666666666666666,1
1.0,1
0.0,0
1.0,1
0.0048622366288492,1
0.0,0
0.5142857142857142,1
0.4545454545454545,1
0.0,0
0.0,0
0.0,0
0.0,0
0.0,0
0.0,0
0.0,0
0.0,0
0.4677419354838709,1
0.0,0
0.0166666666666666,1
0.0,0
0.0,0
0.0,0
0.25,1
0.0219780219780219,1
0.2307692307692307,1
0.3,1
0.25,1
0.0,0
0.1,1
0.7741935483870968,1
0.8780487804878049,1
0.0,0
0.1481481481481481,1
0.4210526315789473,1
0.0,0
0.0,0
0.5,1
0.0,0
0.7682119205298014,1
0.0,0
0.1034482758620689,1
0.0,0
0.0,0
0.0,0
0.0,0
0.1443298969072164,1
0.0,0
0.0,0
0.0,0
0.0,0
0.1776315789473684,1
0.0084033613445378,1
0.0,0
0.0,0
0.0,0
0.0,0
1.0,1
0.0,0
0.0,0
0.0,0
0.048780487804878,1
0.0,0
0.0,0
0.0,0
0.0,0
0.0,0
0.0,0
0.0,0
0.0,0
0.0333333333333333,1
0.0,0
0.0295857988165679,1
0.0227272727272727,1
0.0,0
0.5,1
0.0025316455696202,1
0.0,0
0.0306122448979591,1
0.4852941176470588,1
0.0,0
0.0,0
0.8461538461538461,1
0.3770491803278688,1
0.6363636363636364,1
0.0084745762711864,1
0.0,0
0.5714285714285714,1
0.0,0
0.0,0
0.0,0
0.0,0
0.0824742268041237,1
0.0353982300884955,1
0.0,0
0.1590909090909091,1
0.0,0
0.1666666666666666,1
0.0,0
0.0,0
0.6666666666666666,1
0.0,0
0.0,0
0.0288808664259927,1
0.0,0
0.8421052631578947,1
0.0,0
0.0,0
0.753731343283582,1
0.0,0
0.0,0
0.0,0
0.0,0
0.0365853658536585,1
0.0,0
0.0,0
0.0,0
0.0,0
0.0683760683760683,1
0.0,0
0.0,0
0.2972972972972973,1
0.0,0
0.1463414634146341,1
0.0,0
0.0,0
0.0,0
0.0,0
0.0,0
0.04,1
0.0,0
0.0,0
0.0,0
0.0,0
0.0,0
0.0975609756097561,1
0.4758064516129032,1
0.0,0
0.0,0
0.0,0
0.0,0
0.0829694323144104,1
0.0016750418760469,1
0.0,0
0.0,0
0.0,0
0.2136752136752136,1
0.015625,1
0.0,0
0.5671641791044776,1
0.0,0
0.7910447761194029,1
0.0,0
0.0,0
0.0,0
0.0,0
0.0,0
0.0,0
0.0,0
0.0,0
0.0,0
0.0294117647058823,1
0.8181818181818182,1
0.0559440559440559,1
0.0,0
0.02,1
0.7826086956521741,1
0.0,0
0.0,0
0.4,1
0.0,0
1.0,1
0.0,0
0.0,0
0.0588235294117647,1
0.2608695652173913,1
0.0135135135135135,1
0.7457627118644068,1
0.0,0
0.034090909090909,1
0.0,0
0.054054054054054,1
0.0021786492374727,1
0.0,0
0.0,0
0.04,1
0.0158730158730158,1
0.0,0
0.0,0
0.7272727272727273,1
0.7647058823529411,1
0.0,0
0.0087719298245614,1
0.0,0
0.0,0
0.0,0
0.0,0
0.0,0
0.011441647597254,1
0.0,0
0.1428571428571428,1
0.1185410334346504,1
0.1206896551724138,1
0.02,1
0.0,0
0.0108695652173913,1
0.0042194092827004,1
0.0,0
0.0,0
0.0,0
0.0,0
0.0,0
0.0,0
0.0,0
0.8823529411764706,1
0.0,0
0.0,0
0.0080645161290322,1
0.0,0
0.0,0
0.5632911392405063,1
0.0,0
0.0,0
0.0263157894736842,1
0.0,0
0.0212765957446808,1
0.0,0
0.0,0
0.0,0
0.0,0
0.0,0
0.0,0
0.0,0
0.0,0
0.06,1
0.0,0
0.1111111111111111,1
0.0,0
0.6734693877551021,1
0.0431654676258992,1
0.0,0
0.0,0
0.0303030303030303,1
0.8333333333333334,1
0.2692307692307692,1
0.0,0
0.0307328605200945,1
0.0,0
0.0,0
0.0,0
0.4330708661417323,1
0.0,0
0.0,0
0.0,0
0.0,0
0.0,0
0.8571428571428571,1
0.0,0
0.0,0
0.0,0
0.1,1
0.2391304347826087,1
0.0,0
0.2051282051282051,1
0.0,0
0.0023529411764705,1
0.011049723756906,1
0.0113636363636363,1
0.0,0
0.0,0
0.0,0
0.0,0
0.0212765957446808,1
0.0,0
0.0,0
0.0,0
0.0,0
0.0,0
0.0,0
0.0275590551181102,1
0.7959183673469388,1
0.0,0
0.0,0
0.0,0
0.0,0
0.029126213592233,1
0.0,0
0.0,0
0.0277777777777777,1
0.0,0
0.0,0
0.0,0
0.0,0
0.0,0
0.0,0
0.0011148272017837,1
0.3636363636363636,1
0.0,0
0.0666666666666666,1
0.5469255663430421,1
0.0026246719160104,1
0.0,0
0.0,0
0.0,0
0.8157894736842105,1
0.0,0
0.0625,1
0.391304347826087,1
0.0,0
0.0,0
0.8108108108108109,1
0.1,1
0.0,0
0.4318181818181818,1
0.0033670033670033,1
0.9736842105263158,1
0.0,0
0.3333333333333333,1
0.0349344978165938,1
0.9,1
0.0,0
0.0046728971962616,1
0.0,0
0.0,0
0.0666666666666666,1
0.0144927536231884,1
0.0,0
0.0,0
0.0,0
0.0,0
0.0,0
0.0338983050847457,1
0.5,1
0.0229885057471264,1
0.0,0
0.8823529411764706,1
0.0,0
0.0062893081761006,1
0.1063829787234042,1
0.5328947368421053,1
0.0,0
0.0,0
0.0,0
0.0,0
0.7142857142857143,1
0.16,1
0.0,0
0.0,0
0.0,0
0.0,0
0.9158878504672896,1
0.0,0
0.1171875,1
0.0,0
0.0,0
0.25,1
0.0,0
0.0294117647058823,1
0.0,0
0.4565217391304347,1
0.0117647058823529,1
0.0,0
0.0,0
0.0,0
0.3772455089820359,1
0.0,0
0.0,0
0.512,1
0.2918918918918919,1
0.3,1
1.0,1
0.0,0
0.0057142857142857,1
0.0228571428571428,1
0.4736842105263157,1
0.0,0
0.0,0
0.8684210526315791,1
0.0,0
0.1363636363636363,1
0.0,0
0.0,0
0.0,0
0.5,1
0.0714285714285714,1
0.0,0
0.0,0
0.8321678321678322,1
0.0,0
0.6793893129770993,1
0.25,1
0.0,0
0.0092165898617511,1
0.8571428571428571,1
0.0,0
0.0,0
0.8333333333333334,1
0.0,0
0.0,0
0.5714285714285714,1
0.5161290322580645,1
0.0,0
0.5576923076923077,1
0.0,0
0.4,1
0.0,0
0.0289017341040462,1
0.1293103448275862,1
0.0,0
0.0,0
0.2391304347826087,1
0.0,0
1.0,1
1.0,1
0.1346153846153846,1
0.0223214285714285,1
0.0,0
0.0,0
0.0,0
0.025,1
0.1032028469750889,1
0.0,0
0.0,0
0.0,0
0.8371278458844134,1
0.0123456790123456,1
0.5,1
0.0,0
0.0018281535648994,1
0.2884990253411306,1
0.0,0
0.040650406504065,1
0.0,0
0.0,0
0.0,0
0.0,0
0.0129870129870129,1
0.0,0
0.0,0
0.0,0
0.0,0
0.0016722408026755,1
0.54,1
0.0,0
0.3333333333333333,1
0.0021008403361344,1
0.054054054054054,1
0.0,0
0.0036363636363636,1
0.4886363636363636,1
0.22,1
0.0035971223021582,1
0.0,0
0.0,0
0.0357142857142857,1
0.0,0
0.0,0
0.2558139534883721,1
0.7631578947368421,1
0.0833333333333333,1
0.0454545454545454,1
0.0,0
0.9166666666666666,1
0.011070110701107,1
0.0909090909090909,1
0.0,0
0.0,0
0.0,0
0.0,0
0.6235294117647059,1
0.1794871794871795,1
1.0,1
0.1297297297297297,1
0.064516129032258,1
0.0,0
0.0096153846153846,1
0.0,0
0.0554323725055432,1
0.0,0
0.0357142857142857,1
0.2307692307692307,1
0.0,0
0.625,1
0.3333333333333333,1
0.3796296296296296,1
0.0,0
0.0,0
0.0,0
0.1707317073170731,1
0.0,0
0.0,0
0.0,0
0.0,0
0.144,1
0.2068965517241379,1
0.0384615384615384,1
0.0833333333333333,1
0.1538461538461538,1
0.2027027027027027,1
0.4814814814814814,1
0.0,0
0.0044345898004434,1
0.0,0
0.0,0
0.75,1
0.0046948356807511,1
0.0,0
0.3055555555555556,1
0.0,0
1.0,1
0.0,0
0.0,0
0.4814814814814814,1
0.0,0
0.0,0
0.1666666666666666,1
0.2413793103448276,1
0.0,0
0.0,0
0.0,0
0.1904761904761904,1
0.0,0
0.609715242881072,1
0.0,0
0.0,0
0.0,0
0.0,0
0.0952380952380952,1
0.0326086956521739,1
0.0,0
0.0285714285714285,1
0.0,0
0.1063829787234042,1
0.0,0
0.0,0
0.0,0
0.0,0
0.0,0
0.0,0
0.375,1
0.0,0
0.0,0
0.0,0
0.0,0
0.0048780487804878,1
0.0,0
0.0101010101010101,1
0.0,0
0.0,0
0.0,0
0.6689655172413793,1
0.0,0
0.0416666666666666,1
0.0141843971631205,1
0.7594339622641509,1
0.0,0
0.0,0
0.813953488372093,1
0.0,0
0.0117647058823529,1
0.0,0
0.0,0
0.0,0
0.0,0
0.0050761421319796,1
0.0,0
0.0,0
0.0,0
0.0,0
0.0,0
0.0178571428571428,1
0.0,0
0.8308823529411765,1
0.0161290322580645,1
0.0022388059701492,1
0.3103448275862069,1
0.7791044776119403,1
0.6122448979591837,1
0.05,1
0.0,0
0.0612244897959183,1
0.9642857142857144,1
0.6,1
0.0,0
0.0,0
0.0869565217391304,1
0.0066225165562913,1
0.0,0
0.0193236714975845,1
0.0555555555555555,1
0.0,0
0.0886075949367088,1
0.5681818181818182,1
0.0,0
0.3986636971046771,1
0.1428571428571428,1
0.08,1
0.04,1
0.0,0
0.0,0
0.0208333333333333,1
0.3095238095238095,1
0.9485714285714286,1
0.9,1
0.3772727272727272,1
0.0,0
0.0,0
0.0,0
0.054054054054054,1
0.005420054200542,1
0.096045197740113,1
0.0,0
0.5714285714285714,1
0.3076923076923077,1
0.0,0
0.0,0
0.5,1
0.0,0
0.0,0
0.4897959183673469,1
0.0,0
0.1764705882352941,1
0.0,0
0.0,0
0.0166666666666666,1
0.0,0
0.1641791044776119,1
0.0,0
0.0,0
0.0,0
0.0,0
0.25,1
0.0,0
0.0576923076923076,1
0.0,0
0.0,0
0.0,0
0.0,0
0.0555555555555555,1
0.0012509382036527,1
0.0,0
0.0,0
0.0,0
0.011070110701107,1
0.0377358490566037,1
0.125,1
0.0,0
0.0,0
0.0,0
0.0,0
0.0,0
0.0,0
0.0,0
0.0833333333333333,1
0.0,0
0.0,0
0.0016666666666666,1
0.0,0
0.0,0
0.0,0
0.0,0
0.0666666666666666,1
0.0,0
0.0,0
0.0,0
0.0,0
0.209090909090909,1
0.5,1
0.1020408163265306,1
0.0,0
0.0,0
0.0,0
0.0,0
0.4047619047619047,1
0.6923076923076923,1
0.1055555555555555,1
0.0,0
0.088,1
0.0,0
0.1176470588235294,1
0.0,0
0.0,0
0.0,0
0.0,0
0.0,0
0.4285714285714285,1
0.0,0
0.8603351955307262,1
0.0,0
0.0224719101123595,1
0.0,0
0.8947368421052632,1
0.0,0
0.0,0
0.0,0
0.0,0
0.0,0
0.025,1
0.9,1
0.0,0
0.0,0
0.0094339622641509,1
0.0,0
0.0,0
0.0,0
0.0666666666666666,1
0.0,0
0.0,0
0.0,0
0.1612903225806451,1
0.0,0
0.0,0
0.8028169014084507,1
0.0134228187919463,1
0.0,0
0.1333333333333333,1
0.0,0
0.0,0
0.0,0
0.8163265306122449,1
0.0,0
0.8444444444444444,1
0.0,0
1.0,1
0.0,0
0.0,0
0.0,0
0.0,0
0.0,0
0.0,0
0.0,0
0.0,0
0.0,0
0.0,0
0.0,0
0.7333333333333333,1
0.0133928571428571,1
0.037037037037037,1
0.0,0
0.0,0
0.3407821229050279,1
0.3333333333333333,1
0.0,0
0.0034142640364188,1
0.0073170731707317,1
0.0,0
0.0,0
0.0,0
0.5,1
0.4838709677419355,1
0.0,0
0.7222222222222222,1
0.0115830115830115,1
0.0,0
1.0,1
0.0,0
0.3333333333333333,1
0.0,0
0.0153846153846153,1
0.0,0
0.28125,1
0.0,0
0.0,0
0.2755102040816326,1
0.8846153846153846,1
0.2444444444444444,1
0.0,0
0.425,1
0.0,0
0.0,0
0.4,1
0.0,0
0.0,0
0.0,0
0.0,0
0.0,0
0.0,0
0.0,0
0.0,0
0.0,0
0.4591194968553459,1
0.015625,1
0.0,0
0.0769230769230769,1
0.3577712609970674,1
0.6538461538461539,1
0.6363636363636364,1
0.0,0
0.0,0
0.6363636363636364,1
0.0,0
0.4181818181818181,1
0.0,0
0.0,0
0.0,0
0.025,1
0.0,0
0.0,0
0.1666666666666666,1
0.0,0
0.0,0
0.0,0
0.0,0
0.0,0
0.12,1
0.0049261083743842,1
0.2727272727272727,1
0.0,0
0.0,0
1.0,1
0.5,1
0.0,0
0.0,0
0.3119015047879617,1
0.0,0
0.0,0
0.0,0
0.0,0
0.0,0
0.0,0
0.0,0
0.3529411764705882,1
0.1666666666666666,1
0.5555555555555556,1
0.0,0
0.5,1
0.0,0
0.6125,1
0.1346153846153846,1
0.0,0
0.0454545454545454,1
0.0,0
0.0047169811320754,1
0.5,1
0.0198019801980198,1
0.1818181818181818,1
0.1073170731707317,1
0.75,1
0.0069444444444444,1
0.0,0
0.0,0
0.0,0
0.125,1
0.0,0
0.0494296577946768,1
0.0,0
0.0,0
0.0,0
0.0,0
0.375886524822695,1
0.0644549763033175,1
0.0,0
0.1351351351351351,1
0.0927835051546391,1
0.0,0
0.5229357798165137,1
0.0222222222222222,1
0.0,0
0.4821428571428571,1
0.2857142857142857,1
0.0054644808743169,1
0.0,0
0.0,0
0.0,0
0.8372093023255814,1
0.0,0
0.0,0
0.0,0
0.0,0
0.1981132075471698,1
0.0,0
0.0,0
0.0,0
0.0564516129032258,1
0.0,0
0.0,0
0.0,0
0.0,0
0.734375,1
0.0,0
0.0,0
0.0,0
0.0,0
0.0909090909090909,1
0.0,0
0.3548387096774194,1
0.0,0
0.0020876826722338,1
0.0,0
0.0,0
0.0,0
0.0,0
0.0,0
0.1666666666666666,1
0.0,0
0.0,0
0.0,0
0.0,0
0.0084745762711864,1
0.0,0
0.5,1
0.0010741138560687,1
0.1607142857142857,1
0.0,0
0.0,0
0.0,0
0.1072555205047318,1
0.25,1
0.09,1
0.0,0
0.9666666666666668,1
0.0042918454935622,1
0.0,0
0.010752688172043,1
0.6666666666666666,1
0.0,0
0.0,0
0.32,1
0.96875,1
0.0014492753623188,1
0.0851063829787234,1
0.0,0
0.0147783251231527,1
0.7142857142857143,1
0.0833333333333333,1
0.0,0
0.3,1
0.0,0
0.0,0
0.1578947368421052,1
0.3454545454545454,1
0.0,0
0.0,0
0.2727272727272727,1
0.0,0
0.0,0
0.6666666666666666,1
0.1428571428571428,1
0.0,0
0.0,0
0.0,0
0.0,0
0.1981981981981982,1
0.0,0
0.5853658536585366,1
0.0,0
0.0,0
0.0392156862745098,1
0.3181818181818182,1
0.0,0
0.0,0
0.0,0
0.0,0
0.0,0
0.0,0
0.0,0
0.0,0
0.2334801762114537,1
0.0013661202185792,1
0.0,0
0.6363636363636364,1
0.55,1
0.0,0
0.0,0
0.0,0
0.4375,1
0.08,1
0.0,0
0.0,0
0.1583333333333333,1
0.0,0
0.1333333333333333,1
0.0526315789473684,1
0.5365853658536586,1
0.25,1
0.010752688172043,1
0.0,0
1.0,1
0.5454545454545454,1
0.0,0
0.0,0
0.631578947368421,1
0.0,0
0.0,0
0.0029154518950437,1
0.0,0
0.0,0
0.0,0
0.0,0
0.0,0
0.6870748299319728,1
0.0,0
0.0,0
0.6666666666666666,1
0.0188679245283018,1
0.0,0
0.0,0
0.2,1
0.0655737704918032,1
0.0,0
0.0,0
0.9090909090909092,1
0.0,0
0.0,0
0.0,0
0.0,0
0.0,0
0.0128617363344051,1
0.0,0
0.0042918454935622,1
0.0,0
0.5666666666666667,1
0.0,0
0.0,0
0.2727272727272727,1
0.0,0
0.1,1
0.1372549019607843,1
0.25,1
0.5,1
0.6818181818181818,1
0.079646017699115,1
0.0028571428571428,1
0.1061946902654867,1
0.0,0
0.0,0
0.0,0
0.0476190476190476,1
0.0,0
0.0044444444444444,1
0.02,1
0.0,0
0.0,0
0.0,0
0.0,0
0.0,0
0.0043478260869565,1
0.16,1
0.0,0
0.2263610315186246,1
0.0,0
0.081081081081081,1
0.0,0
0.0,0
0.0,0
0.46,1
0.0866141732283464,1
0.0,0
0.0,0
0.0,0
0.5428571428571428,1
0.046875,1
0.3870967741935484,1
0.0,0
0.0,0
0.0,0
0.0111111111111111,1
0.0,0
0.1428571428571428,1
0.2376237623762376,1
0.0,0
0.0,0
0.0,0
0.0,0
0.0,0
0.0,0
0.0,0
0.5924657534246576,1
0.0,0
0.0053557765876052,1
0.0,0
0.0,0
0.58203125,1
0.0,0
0.6428571428571429,1
0.0,0
0.8958333333333334,1
0.0,0
0.0,0
0.0,0
0.0,0
0.0,0
0.3509615384615384,1
0.015625,1
0.0,0
0.0980392156862745,1
0.7839506172839507,1
0.0,0
0.0,0
0.0,0
0.675,1
0.0,0
0.0,0
0.0,0
0.0,0
0.0,0
0.0,0
0.0,0
0.0,0
0.0,0
0.0,0
0.2049180327868852,1
0.0,0
0.0,0
0.0,0
0.0364963503649635,1
0.015625,1
0.0,0
0.21875,1
0.0,0
0.0459770114942528,1
0.0,0
0.0,0
0.0,0
0.0,0
0.075,1
0.0,0
0.0,0
0.0158730158730158,1
0.1239669421487603,1
0.8571428571428571,1
0.0059880239520958,1
0.9090909090909092,1
0.0,0
0.0,0
0.0,0
0.0,0
0.0,0
0.5454545454545454,1
0.1020408163265306,1
0.0067114093959731,1
0.0055248618784529,1
0.0,0
0.7692307692307693,1
0.0079051383399209,1
0.6,1
0.7530864197530864,1
0.0087719298245614,1
0.0606060606060606,1
0.1395348837209302,1
0.0,0
0.6,1
0.0588235294117647,1
0.0,0
0.6153846153846154,1
0.0,0
0.1481481481481481,1
0.1666666666666666,1
0.0,0
0.0,0
0.0,0
0.0,0
0.0,0
0.0107913669064748,1
0.0,0
0.0101010101010101,1
0.0,0
0.0,0
0.7575757575757576,1
0.0,0
0.0023809523809523,1
0.0,0
0.0,0
0.0,0
0.0,0
0.0,0
0.6666666666666666,1
0.0,0
0.0,0
0.4090909090909091,1
0.5388127853881278,1
0.0,0
0.0047846889952153,1
0.0025,1
0.3673469387755102,1
0.0,0
0.1065573770491803,1
0.0375,1
0.0,0
0.0063291139240506,1
0.0,0
0.0,0
0.0675675675675675,1
0.0,0
0.0,0
0.0,0
0.225,1
0.0,0
0.0204081632653061,1
0.3975903614457831,1
0.0,0
0.2222222222222222,1
0.1,1
0.0,0
0.0,0
0.0,0
0.0,0
0.0,0
0.0098522167487684,1
0.0,0
0.0,0
0.0,0
0.0050125313283208,1
0.0,0
0.4285714285714285,1
0.0,0
0.6774193548387096,1
0.0,0
0.0,0
0.14,1
0.0,0
0.0,0
0.0,0
0.0,0
0.0,0
0.0,0
0.6347826086956522,1
0.0454545454545454,1
0.0,0
0.0,0
0.0,0
0.0011185682326621,1
0.325,1
0.0,0
0.6153846153846154,1
0.75,1
0.0,0
0.0,0
0.0,0
0.0,0
0.8333333333333334,1
0.4615384615384615,1
0.0,0
0.0,0
0.0,0
0.0,0
1.0,1
0.0,0
0.0,0
0.28,1
0.0,0
0.1111111111111111,1
0.0,0
0.6666666666666666,1
0.0,0
0.0,0
0.4215686274509804,1
0.0333333333333333,1
0.0,0
0.0,0
0.0,0
0.0,0
0.9310344827586208,1
0.0,0
0.3508771929824561,1
0.0,0
0.0,0
0.0,0
0.0,0
0.0,0
0.0,0
0.0,0
0.125,1
0.0,0
0.1304347826086956,1
0.0,0
0.0,0
0.1666666666666666,1
0.9411764705882352,1
0.08,1
0.0,0
0.0074626865671641,1
0.0,0
0.0,0
0.0,0
0.0,0
0.0,0
0.0,0
0.0,0
0.1724137931034483,1
0.0,0
0.0,0
0.5454545454545454,1
0.4,1
0.0,0
0.0,0
0.0,0
0.1794871794871795,1
0.0,0
0.0,0
0.0,0
0.0589390962671905,1
0.5714285714285714,1
0.0,0
0.0,0
0.7173913043478259,1
0.0344827586206896,1
0.8481012658227848,1
0.0033898305084745,1
0.0,0
0.0,0
0.6698113207547169,1
0.0,0
0.0344827586206896,1
0.4410256410256409,1
0.9305912596401028,1
0.6231155778894473,1
0.002127659574468,1
1.0,1
0.0384615384615384,1
0.028169014084507,1
0.0,0
0.0106837606837606,1
0.074074074074074,1
0.8327526132404182,1
0.0,0
0.0232558139534883,1
0.0,0
0.5106382978723404,1
0.0823529411764705,1
0.0,0
0.0526315789473684,1
0.0,0
0.1538461538461538,1
0.0222222222222222,1
0.3648648648648648,1
0.0,0
0.0,0
0.2272727272727272,1
0.0217391304347826,1
0.0,0
0.0,0
0.0,0
0.0072992700729927,1
0.0909090909090909,1
0.0,0
0.0,0
0.0,0
0.0229508196721311,1
0.0,0
0.0,0
0.0,0
0.0,0
0.0,0
0.0,0
0.4230769230769231,1
0.0,0
0.1044776119402985,1
0.0048661800486618,1
0.0,0
0.0,0
0.0,0
0.0,0
0.0,0
0.0,0
0.5287356321839081,1
0.015625,1
0.0,0
0.0,0
0.0,0
0.0,0
0.0,0
0.0,0
0.8787878787878788,1
0.0,0
0.0117647058823529,1
0.0,0
0.0384615384615384,1
0.4615384615384615,1
0.0,0
0.0839694656488549,1
0.0,0
0.0,0
0.0,0
0.0,0
0.0,0
0.0077519379844961,1
0.1111111111111111,1
0.0,0
0.0,0
0.0,0
0.751131221719457,1
0.0,0
0.7387387387387387,1
0.0080645161290322,1
0.988095238095238,1
0.0434782608695652,1
0.0294117647058823,1
0.0,0
0.0,0
0.0,0
0.0,0
0.0,0
0.0,0
0.0,0
0.0,0
0.0,0
0.3937007874015748,1
0.1515151515151515,1
0.0,0
0.0,0
0.0,0
0.0826446280991735,1
0.0,0
0.0,0
0.8859649122807017,1
0.0,0
0.0294117647058823,1
0.0,0
0.0222222222222222,1
0.0364372469635627,1
0.0,0
0.6896551724137931,1
0.0294117647058823,1
0.5833333333333334,1
0.2407407407407407,1
0.0,0
0.0,0
0.02,1
0.6901408450704225,1
0.0277777777777777,1
0.0,0
0.0,0
0.0,0
0.1,1
1.0,1
0.0,0
0.0,0
0.0,0
0.6460905349794238,1
0.0,0
0.0232558139534883,1
0.0,0
0.0,0
0.0,0
0.2758620689655172,1
0.0833333333333333,1
0.0,0
0.8333333333333334,1
0.04,1
0.0,0
0.0,0
0.0,0
0.0,0
0.2142857142857142,1
0.0,0
0.6666666666666666,1
0.0,0
0.0061349693251533,1
0.0028490028490028,1
0.0,0
0.0,0
0.0,0
0.9838709677419356,1
0.0689655172413793,1
0.0,0
0.75,1
0.0,0
0.1176470588235294,1
0.0099667774086378,1
0.6,1
0.0,0
0.0,0
0.131578947368421,1
0.0046728971962616,1
0.0,0
0.0,0
0.0,0
0.875,1
0.0,0
0.7132867132867133,1
0.0,0
0.0,0
0.0,0
0.1578947368421052,1
0.0,0
0.0,0
0.0,0
0.0,0
0.0,0
0.0,0
0.0,0
0.5176470588235295,1
1.0,1
0.5932203389830508,1
0.0,0
0.1176470588235294,1
0.0,0
0.0,0
0.0,0
0.0,0
0.0,0
0.0,0
1.0,1
0.0588235294117647,1
0.0,0
0.0,0
0.0,0
0.0,0
0.0086206896551724,1
0.5853658536585366,1
0.1842105263157894,1
0.5614035087719298,1
0.8620689655172413,1
0.0,0
0.0,0
0.0,0
0.6014492753623188,1
0.0,0
0.8965517241379308,1
0.0142857142857142,1
0.5,1
0.7777777777777778,1
0.0853658536585365,1
0.0,0
0.0,0
0.0140845070422535,1
0.0,0
0.217391304347826,1
0.0,0
0.0,0
0.7142857142857143,1
1.0,1
0.0,0
0.1666666666666666,1
0.0,0
0.0,0
0.0,0
0.0895522388059701,1
0.0,0
0.0,0
0.0307692307692307,1
0.0,0
0.0,0
0.0,0
0.5286195286195287,1
0.0347826086956521,1
0.0,0
0.0,0
0.0029673590504451,1
0.1666666666666666,1
0.0746268656716417,1
0.5555555555555556,1
0.1481481481481481,1
0.0,0
0.0,0
0.0769230769230769,1
0.2884615384615384,1
0.05,1
0.0,0
0.0,0
0.0,0
0.0,0
1.0,1
0.0,0
0.06,1
0.15,1
0.0,0
0.0,0
0.043859649122807,1
0.0144927536231884,1
0.0,0
0.0,0
0.0,0
0.3265306122448979,1
0.3448275862068966,1
0.0,0
0.0,0
0.0,0
0.0,0
0.5855263157894737,1
0.1724137931034483,1
0.0,0
0.0,0
0.0,0
0.1642512077294686,1
0.0,0
0.1,1
0.0,0
0.0,0
0.0,0
0.0,0
0.0,0
0.0,0
0.0,0
0.0689655172413793,1
0.0,0
0.0,0
0.1111111111111111,1
0.0133333333333333,1
0.1532258064516129,1
0.0,0
0.8235294117647058,1
0.3333333333333333,1
0.1724137931034483,1
0.0,0
0.0,0
1.0,1
0.0353982300884955,1
0.0,0
0.0,0
0.0,0
0.05,1
0.6,1
0.0,0
0.0,0
0.0,0
0.7073170731707317,1
0.0,0
0.0930232558139534,1
0.0,0
0.7548387096774194,1
0.0,0
0.0,0
0.0,0
0.0,0
0.0,0
0.0,0
0.0,0
0.0,0
1.0,1
1.0,1
0.0,0
0.0625,1
0.0,0
0.0110192837465564,1
0.2222222222222222,1
0.0934579439252336,1
0.0025445292620865,1
0.0,0
0.2439024390243902,1
0.0,0
0.6666666666666666,1
0.0909090909090909,1
0.0,0
0.0,0
0.0,0
0.0,0
0.5517241379310345,1
0.7105263157894737,1
0.5333333333333333,1
0.6333333333333333,1
0.0,0
0.0,0
0.0,0
0.0,0
0.0631578947368421,1
0.0,0
0.027027027027027,1
0.6755319148936171,1
0.0,0
0.0,0
0.2842105263157894,1
0.0,0
0.0,0
0.0,0
0.0021459227467811,1
0.0,0
0.0,0
0.0,0
0.0,0
0.0,0
0.0033783783783783,1
0.0,0
0.0,0
0.0,0
0.0,0
0.1525423728813559,1
0.0181818181818181,1
0.0070921985815602,1
0.5853658536585366,1
0.0,0
0.0,0
0.0,0
1.0,1
0.0,0
0.0,0
0.0,0
0.0,0
0.0,0
0.0,0
0.4871794871794871,1
0.0,0
0.0125,1
0.0,0
0.0,0
0.624,1
0.0,0
0.0,0
0.0508474576271186,1
0.0458333333333333,1
0.75,1
0.0,0
0.1428571428571428,1
0.0,0
0.6448598130841121,1
0.0,0
0.0,0
0.0,0
0.0,0
0.7535211267605634,1
0.01,1
0.0,0
0.0,0
0.0512820512820512,1
0.3333333333333333,1
0.0,0
0.0025041736227045,1
0.5363636363636364,1
0.0,0
0.0,0
0.6867469879518072,1
0.0,0
0.2857142857142857,1
0.002079002079002,1
0.0105663567202028,1
0.1111111111111111,1
0.0,0
0.0,0
0.0,0
0.0,0
0.0,0
0.0,0
0.4222222222222222,1
0.0,0
0.0,0
0.0,0
0.2559241706161137,1
0.7222222222222222,1
0.0,0
0.0,0
0.0,0
0.0,0
0.52,1
0.4727272727272727,1
0.0,0
0.6538461538461539,1
0.0,0
0.0,0
0.0,0
1.0,1
0.0,0
0.8018018018018018,1
0.0,0
0.0,0
0.3333333333333333,1
0.3166666666666666,1
0.032258064516129,1
0.0,0
0.04,1
1.0,1
0.25,1
1.0,1
0.3278688524590163,1
0.0,0
0.0,0
0.8888888888888888,1
0.0,0
0.4423076923076923,1
0.0,0
0.0,0
0.0,0
0.0454545454545454,1
0.0,0
0.003125,1
0.0,0
1.0,1
0.0,0
0.2307692307692307,1
0.0,0
0.4344262295081967,1
0.15625,1
0.3333333333333333,1
0.0,0
0.0051282051282051,1
0.5944055944055944,1
0.1240310077519379,1
0.0,0
0.0021505376344086,1
1.0,1
0.0,0
0.0,0
0.7777777777777778,1
0.0,0
0.0,0
0.0,0
0.0,0
0.3220338983050847,1
1.0,1
0.2608695652173913,1
0.0,0
0.0,0
0.0,0
0.82,1
0.0,0
0.1666666666666666,1
0.0,0
0.0,0
0.2631578947368421,1
0.0,0
0.0543478260869565,1
0.0,0
0.0,0
0.0,0
0.9882352941176472,1
0.2647058823529412,1
0.0,0
0.0,0
0.0,0
0.0,0
0.3636363636363636,1
0.8823529411764706,1
0.0,0
0.0016638935108153,1
0.1724137931034483,1
0.0,0
0.0,0
0.0138888888888888,1
0.8571428571428571,1
0.0,0
0.3333333333333333,1
0.0,0
0.0,0
0.0,0
0.0,0
0.2857142857142857,1
0.3,1
0.0016447368421052,1
0.0,0
0.0,0
0.3703703703703703,1
0.0,0
0.5918367346938775,1
0.3125,1
0.0,0
0.0,0
0.4666666666666667,1
0.0845070422535211,1
0.0,0
0.0,0
0.0240761478163493,1
0.8,1
0.1,1
0.925925925925926,1
0.0,0
0.0,0
0.3452380952380952,1
0.0,0
0.75,1
0.0588235294117647,1
0.0,0
0.0,0
0.4285714285714285,1
0.8514851485148515,1
0.2105263157894736,1
0.0,0
0.0,0
0.0,0
0.0,0
0.1578947368421052,1
0.0,0
0.2051282051282051,1
0.7105263157894737,1
0.0,0
0.0,0
0.0,0
0.7905405405405406,1
0.0,0
0.0,0
0.0,0
0.6756756756756757,1
0.0,0
0.0119047619047619,1
0.0,0
0.0,0
0.0,0
0.0,0
0.0,0
0.25,1
0.081081081081081,1
0.5714285714285714,1
0.0,0
0.0,0
0.0,0
0.25,1
0.375,1
0.0,0
0.3571428571428571,1
0.2068965517241379,1
0.75,1
0.0,0
0.25,1
0.0,0
0.0,0
0.005,1
0.6,1
0.3,1
0.0,0
0.0,0
0.3,1
0.0,0
0.5133333333333333,1
0.25,1
0.0,0
0.0,0
0.6964285714285714,1
0.0,0
0.0,0
0.1818181818181818,1
0.75,1
0.0,0
0.375,1
0.0,0
0.75,1
0.0,0
0.1607142857142857,1
0.0,0
0.0,0
0.0,0
0.0416666666666666,1
0.0823529411764705,1
0.1428571428571428,1
0.0064935064935064,1
0.238095238095238,1
0.0,0
0.2156862745098039,1
0.0,0
0.1666666666666666,1
0.0,0
0.0,0
0.7228915662650602,1
0.0,0
0.0033333333333333,1
0.1162790697674418,1
0.0,0
0.0555555555555555,1
0.0,0
0.0,0
0.9285714285714286,1
0.0,0
0.2692307692307692,1
0.0,0
0.0,0
0.0,0
0.2111553784860557,1
0.1973684210526315,1
0.0,0
0.0,0
0.2765957446808511,1
0.0,0
0.0,0
0.0,0
0.0,0
0.0065645514223194,1
0.0,0
0.7391304347826086,1
0.0,0
0.0,0
0.0,0
0.0,0
0.0,0
0.0,0
0.275,1
0.5217391304347826,1
0.0555555555555555,1
0.7222222222222222,1
0.028169014084507,1
0.0,0
0.0285714285714285,1
0.0,0
0.0,0
0.0,0
0.0,0
0.8571428571428571,1
0.0,0
0.6752577319587629,1
0.0,0
0.75,1
0.425531914893617,1
0.0,0
0.7466666666666667,1
0.0,0
0.0,0
0.3333333333333333,1
0.0,0
0.1176470588235294,1
0.0,0
0.0098522167487684,1
0.0,0
0.3960674157303371,1
0.0,0
0.2222222222222222,1
0.594059405940594,1
0.0,0
0.0,0
0.0,0
0.002092050209205,1
0.0,0
0.0,0
0.0037878787878787,1
0.0,0
0.391304347826087,1
0.0204081632653061,1
0.0833333333333333,1
0.0,0
0.0,0
0.0555555555555555,1
0.0,0
0.0,0
0.0,0
0.6666666666666666,1
0.0,0
0.0,0
0.0,0
0.0,0
0.0173535791757049,1
0.2769230769230769,1
0.3550724637681159,1
0.0,0
0.875,1
0.0,0
0.0888888888888888,1
0.4684684684684684,1
0.0,0
0.0,0
0.0131578947368421,1
0.28,1
0.0,0
0.6530612244897959,1
1.0,1
0.0,0
0.76,1
0.0,0
0.0027397260273972,1
0.0,0
0.0,0
0.0,0
0.0,0
0.0,0
0.0396039603960396,1
0.4318181818181818,1
0.0,0
0.0,0
0.0,0
0.0,0
0.0,0
0.0,0
0.0,0
0.0013054830287206,1
0.0,0
0.1004115226337448,1
0.00877893056664,1
0.074074074074074,1
1.0,1
0.0,0
0.0,0
0.0049019607843137,1
0.0,0
0.0,0
0.5507246376811594,1
0.0,0
0.0,0
0.5010799136069114,1
0.0,0
0.0,0
0.0,0
0.0,0
0.8461538461538461,1
0.0,0
0.0204081632653061,1
0.0,0
0.8113207547169812,1
0.0,0
0.0,0
0.1818181818181818,1
0.0,0
0.0297029702970297,1
0.1505376344086021,1
0.0,0
0.8125,1
0.6363636363636364,1
0.0014306151645207,1
0.064516129032258,1
0.0,0
0.0,0
0.0,0
0.0,0
0.0314285714285714,1
0.0,0
0.16,1
0.0,0
0.0666666666666666,1
0.0,0
0.0,0
0.075,1
0.0,0
0.1621621621621621,1
0.0,0
0.12,1
0.0069930069930069,1
0.0,0
0.5934718100890207,1
0.825,1
0.0,0
0.0824742268041237,1
0.0166666666666666,1
0.3333333333333333,1
0.0,0
0.0,0
0.0,0
0.0,0
0.4,1
0.0,0
0.0,0
0.8921568627450981,1
0.3636363636363636,1
0.0,0
0.0,0
0.0,0
0.2049689440993788,1
0.4583333333333333,1
0.0152091254752851,1
0.0943396226415094,1
0.2647058823529412,1
0.0,0
0.0454545454545454,1
0.0,0
0.0416666666666666,1
0.3893129770992366,1
0.0,0
0.0,0
0.0277777777777777,1
0.0,0
0.0,0
0.0,0
0.0022123893805309,1
0.1111111111111111,1
0.0,0
0.4125,1
0.0416666666666666,1
0.0,0
0.0,0
0.9285714285714286,1
0.0,0
0.1545454545454545,1
0.0,0
0.0408163265306122,1
0.0,0
0.8333333333333334,1
0.0,0
0.1363636363636363,1
0.0006666666666666,1
0.0,0
0.0441176470588235,1
0.0,0
0.25,1
0.0,0
0.0,0
0.0,0
0.0,0
0.0,0
0.6363636363636364,1
0.0,0
0.0,0
0.0,0
0.0046948356807511,1
0.0146341463414634,1
0.0,0
0.2068965517241379,1
0.0,0
0.0588235294117647,1
0.0,0
0.06,1
0.0,0
0.0,0
0.0,0
1.0,1
0.0,0
0.0,0
0.0,0
0.1304347826086956,1
0.0,0
0.5128205128205128,1
0.0196078431372549,1
0.0,0
0.0,0
0.0,0
0.0,0
0.12,1
0.0,0
0.8474576271186439,1
1.0,1
0.0,0
0.3571428571428571,1
0.0,0
0.0714285714285714,1
0.0060240963855421,1
0.0,0
0.5555555555555556,1
0.8333333333333334,1
0.0,0
0.1304347826086956,1
0.0294117647058823,1
0.0,0
0.0,0
0.28,1
0.0,0
1.0,1
0.0,0
0.4,1
0.0,0
0.1578947368421052,1
0.25,1
0.0,0
0.0,0
0.0,0
0.0,0
0.1304347826086956,1
0.0,0
0.0,0
0.0,0
0.7857142857142857,1
0.6779661016949152,1
0.0,0
0.7071428571428572,1
0.0,0
0.35,1
0.8421052631578947,1
0.0,0
0.0238095238095238,1
0.0348964013086149,1
0.0,0
0.0,0
0.0,0
0.7008547008547008,1
0.0,0
0.5,1
0.0026007802340702,1
0.0,0
0.0,0
0.0,0
0.0,0
0.015625,1
0.0,0
0.0,0
0.0181518151815181,1
0.2826086956521739,1
0.0,0
0.0,0
0.0,0
0.0,0
0.0,0
0.0333333333333333,1
0.0,0
0.5,1
0.8333333333333334,1
0.46875,1
0.0181818181818181,1
0.0571428571428571,1
0.8333333333333334,1
0.0222222222222222,1
0.0,0
0.25,1
0.0,0
0.0,0
0.0,0
0.5869565217391305,1
0.2,1
0.0,0
0.0,0
0.0,0
0.1553398058252427,1
0.1111111111111111,1
0.0,0
0.0,0
0.0,0
0.0,0
0.0,0
0.0,0
0.0555555555555555,1
0.5515695067264574,1
0.0,0
0.6428571428571429,1
0.0,0
0.0,0
0.8,1
0.0,0
0.3903743315508021,1
0.0,0
0.0,0
0.2280701754385964,1
0.0,0
0.4316546762589928,1
0.0,0
0.0,0
0.0,0
0.0,0
0.0,0
0.0,0
0.0,0
0.0,0
0.0,0
0.8888888888888888,1
0.0,0
0.1333333333333333,1
0.0,0
0.0129870129870129,1
0.0,0
0.0,0
0.0,0
0.0,0
0.0,0
1.0,1
0.0,0
0.0,0
0.0,0
0.0096153846153846,1
0.0,0
1.0,1
1.0,1
0.0,0
0.3076923076923077,1
0.0,0
0.0,0
0.0,0
0.0,0
0.1023102310231023,1
0.3703703703703703,1
0.6538461538461539,1
0.0,0
0.1911764705882352,1
0.0,0
0.0,0
0.0714285714285714,1
0.0,0
0.0,0
0.2312925170068027,1
0.0,0
0.0,0
0.00625,1
0.0208333333333333,1
0.0784313725490196,1
0.0,0
0.0,0
0.5333333333333333,1
0.0,0
0.0,0
0.1791044776119403,1
0.0,0
0.0,0
0.0131578947368421,1
0.0472972972972973,1
0.9090909090909092,1
0.0,0
0.0,0
0.0324324324324324,1
0.0,0
0.7058823529411765,1
0.0,0
0.1666666666666666,1
0.1269035532994923,1
0.0833333333333333,1
0.0,0
0.0081967213114754,1
0.0,0
0.0,0
0.0,0
0.1,1
0.1764705882352941,1
0.0,0
0.5,1
0.0,0
0.0338983050847457,1
0.25,1
0.1276595744680851,1
0.0,0
0.8113207547169812,1
0.2105263157894736,1
0.018018018018018,1
0.2625,1
0.2272727272727272,1
0.1271186440677966,1
0.0,0
0.1208053691275167,1
0.0,0
0.0,0
0.0,0
0.1951219512195122,1
0.0,0
0.0,0
0.391304347826087,1
0.0,0
0.4923076923076923,1
0.0053191489361702,1
0.0,0
0.0,0
0.0,0
0.1666666666666666,1
0.0,0
0.0034843205574912,1
0.0,0
0.0155038759689922,1
0.0,0
0.0,0
0.7894736842105263,1
0.1585365853658536,1
0.0,0
0.0,0
0.0,0
0.0,0
0.0,0
0.8148148148148148,1
0.0,0
0.0,0
0.2474226804123711,1
0.0,0
0.1521739130434782,1
0.0,0
0.4096385542168674,1
0.0,0
0.0,0
0.0,0
0.0,0
0.0,0
0.0,0
1.0,1
0.0,0
0.0,0
0.0,0
0.0260416666666666,1
0.0952380952380952,1
0.0,0
0.1904761904761904,1
0.0,0
0.0,0
0.0,0
0.0,0
0.0994152046783625,1
0.2121212121212121,1
0.90625,1
0.8375,1
0.8767123287671232,1
0.0,0
0.0,0
0.0,0
0.5833333333333334,1
0.0,0
0.0,0
0.0,0
0.0,0
0.0,0
0.1691919191919192,1
0.0,0
0.0,0
0.0,0
0.0677966101694915,1
0.0381679389312977,1
0.5,1
0.0,0
0.7560975609756098,1
0.0,0
0.0,0
0.0,0
0.0833333333333333,1
0.0,0
0.0333333333333333,1
0.1,1
0.0,0
0.0,0
0.0,0
0.0,0
0.3333333333333333,1
0.0588235294117647,1
0.0,0
0.0,0
0.0,0
0.0,0
0.25,1
0.0,0
0.0,0
0.25,1
0.0,0
0.0,0
0.0,0
0.010204081632653,1
0.0,0
0.125,1
0.0,0
0.0,0
0.4,1
0.0,0
0.0178571428571428,1
0.6527196652719666,1
0.0,0
0.0,0
0.8823529411764706,1
0.0,0
0.0,0
0.0408163265306122,1
0.0,0
0.4782608695652174,1
0.0,0
0.0116279069767441,1
0.0,0
0.0,0
0.0094339622641509,1
0.0,0
0.0,0
0.1739130434782608,1
0.0,0
0.0,0
0.0,0
0.0217391304347826,1
0.0,0
0.0,0
0.0,0
0.0,0
0.5208333333333334,1
0.0043763676148796,1
0.0,0
0.0,0
0.2727272727272727,1
0.0,0
0.0,0
0.8846153846153846,1
0.0,0
0.1666666666666666,1
0.0106951871657754,1
0.0012150668286755,1
0.0060483870967741,1
0.0,0
0.0070921985815602,1
1.0,1
0.05,1
0.7857142857142857,1
0.0,0
0.0,0
0.0,0
0.2631578947368421,1
0.0,0
0.0972222222222222,1
0.2307692307692307,1
0.0,0
0.0,0
0.1319444444444444,1
0.0,0
0.0,0
0.0769230769230769,1
0.0,0
0.0,0
0.0,0
0.9508196721311476,1
0.0,0
0.9047619047619048,1
0.0166666666666666,1
0.1904761904761904,1
0.0,0
0.3272727272727272,1
0.4262295081967213,1
0.546875,1
0.0,0
0.0,0
0.0,0
0.3473684210526316,1
0.0379746835443038,1
0.0241935483870967,1
0.0303030303030303,1
0.0123456790123456,1
0.0,0
0.0,0
0.56,1
0.0,0
0.0,0
0.0,0
0.0,0
0.2148760330578512,1
0.0,0
0.3333333333333333,1
0.0,0
0.0,0
0.0,0
0.0277777777777777,1
0.7142857142857143,1
0.0,0
0.0,0
0.0,0
0.0666666666666666,1
0.3333333333333333,1
0.0,0
0.2828719723183391,1
0.2295081967213114,1
0.0146082337317397,1
0.0042735042735042,1
0.0,0
0.5,1
0.0,0
0.0,0
0.0,0
0.5833333333333334,1
0.0,0
0.0,0
0.0129870129870129,1
1.0,1
0.0,0
0.0714285714285714,1
0.0,0
0.0,0
0.0,0
0.0036496350364963,1
0.0,0
0.0,0
0.3263157894736842,1
0.0,0
1.0,1
0.0,0
0.0,0
0.0,0
0.05,1
0.3518518518518518,1
0.0,0
0.0,0
0.0,0
0.0,0
0.3636363636363636,1
1.0,1
0.0,0
0.0,0
0.0,0
0.0,0
0.0113636363636363,1
0.0307692307692307,1
0.0,0
0.0,0
0.032258064516129,1
0.0,0
0.6923076923076923,1
0.0,0
0.0,0
0.3333333333333333,1
0.0,0
0.2631578947368421,1
0.0,0
0.0,0
0.0,0
0.5,1
0.0,0
0.4126984126984127,1
0.4666666666666667,1
0.0212367270455965,1
0.0138360428917329,1
0.0,0
0.0,0
0.0,0
0.0,0
0.0,0
0.010752688172043,1
0.0,0
0.0,0
0.0333333333333333,1
1.0,1
0.0,0
0.0135135135135135,1
0.0,0
0.0,0
0.0,0
0.0,0
0.0147058823529411,1
0.8709677419354839,1
0.0,0
0.0222222222222222,1
0.0234375,1
0.0,0
0.0,0
0.0,0
0.0,0
0.2419354838709677,1
0.0,0
0.064516129032258,1
0.1379310344827586,1
0.7197231833910035,1
0.0031104199066874,1
0.0,0
0.0,0
0.0,0
0.0,0
0.0526315789473684,1
0.1666666666666666,1
0.0,0
0.0,0
0.0,0
0.0,0
1.0,1
0.1333333333333333,1
0.0,0
0.009009009009009,1
0.0,0
0.2702702702702703,1
0.0,0
0.0166666666666666,1
0.0,0
0.64,1
0.0,0
0.1886792452830188,1
0.5118110236220472,1
0.0,0
0.011049723756906,1
0.08,1
0.3333333333333333,1
0.0,0
0.0,0
0.0,0
1.0,1
0.0,0
0.054054054054054,1
0.0,0
0.0,0
0.0,0
0.0,0
0.3,1
0.0,0
0.0,0
0.0,0
0.0,0
0.0,0
0.0,0
0.5961538461538461,1
0.0,0
0.5357142857142857,1
0.1967213114754098,1
0.3666666666666666,1
0.0,0
0.0,0
0.0,0
0.2888888888888888,1
0.0691144708423326,1
0.0,0
0.0,0
0.0,0
0.0,0
0.7777777777777778,1
0.0,0
0.0,0
0.0,0
0.25,1
0.0,0
0.027027027027027,1
0.0025510204081632,1
0.0,0
0.0,0
0.0,0
0.0,0
0.0,0
0.0,0
0.0,0
0.3594771241830065,1
0.0,0
0.2,1
0.0,0
0.0,0
0.8809523809523809,1
0.0046511627906976,1
0.0,0
0.0,0
0.0,0
0.7710843373493976,1
0.0,0
0.6470588235294118,1
0.7647058823529411,1
0.3829787234042553,1
0.0175438596491228,1
0.0,0
0.0,0
0.0,0
0.1627906976744186,1
0.4222222222222222,1
0.65625,1
0.0,0
0.0625,1
0.0,0
0.4736842105263157,1
0.02,1
0.0677966101694915,1
0.0869565217391304,1
0.2,1
0.0149253731343283,1
0.0,0
0.0,0
0.0,0
0.3529411764705882,1
0.0476190476190476,1
0.0,0
0.093167701863354,1
0.0,0
0.0,0
0.582089552238806,1
0.0,0
0.0,0
0.0,0
0.0,0
0.0257009345794392,1
0.0,0
0.8695652173913043,1
0.0,0
0.0,0
0.0,0
0.0,0
0.0303030303030303,1
0.0,0
0.0148698884758364,1
0.0104166666666666,1
0.0,0
0.0136054421768707,1
0.0,0
0.0,0
0.6382978723404256,1
0.0,0
0.2077922077922078,1
0.0555555555555555,1
0.1111111111111111,1
0.0256410256410256,1
0.0,0
0.9347826086956522,1
0.0,0
0.0,0
0.0,0
0.0,0
0.0074074074074074,1
0.0,0
0.0,0
0.0,0
0.0217391304347826,1
0.1764705882352941,1
0.4,1
0.5294117647058824,1
0.12,1
0.0652173913043478,1
0.017391304347826,1
0.0,0
0.0,0
0.0,0
0.0,0
0.0,0
0.0,0
0.0,0
0.0,0
0.0729166666666666,1
0.0,0
0.0025402201524132,1
0.0156862745098039,1
0.0,0
0.0039682539682539,1
0.0,0
0.6780487804878049,1
0.0,0
0.0,0
0.0,0
0.6447368421052632,1
0.0,0
0.4054054054054054,1
0.0,0
0.0,0
0.0,0
0.0,0
0.0,0
0.0,0
0.0,0
0.0,0
0.0805369127516778,1
0.0,0
0.0,0
0.0196078431372549,1
0.0,0
0.2377049180327868,1
0.0,0
0.4271844660194174,1
0.8,1
0.0,0
0.0053475935828877,1
0.0425531914893617,1
0.1428571428571428,1
0.0,0
0.5,1
0.0,0
0.9572649572649572,1
0.8181818181818182,1
0.0384615384615384,1
0.0021186440677966,1
0.0,0
0.2333333333333333,1
1.0,1
0.8153846153846154,1
0.0,0
0.0,0
0.0,0
0.0472972972972973,1
0.0,0
0.4,1
0.3333333333333333,1
0.0,0
0.45,1
0.3333333333333333,1
1.0,1
0.1636363636363636,1
0.025089605734767,1
0.0,0
0.0,0
0.0,0
0.1304347826086956,1
0.0,0
0.625,1
0.0,0
0.0,0
0.5632183908045977,1
0.2307692307692307,1
0.0,0
0.0,0
0.0,0
0.0975609756097561,1
0.0,0
0.0,0
0.0,0
0.0008288437629506,1
0.0,0
0.0,0
0.0,0
0.1136363636363636,1
0.1081081081081081,1
0.03125,1
0.6197183098591549,1
0.0,0
0.0,0
0.0,0
0.0,0
0.0,0
0.0,0
0.0,0
0.0,0
0.0490566037735849,1
0.4,1
0.4230769230769231,1
0.3551401869158878,1
0.0,0
0.0,0
0.0,0
0.7,1
0.6923076923076923,1
0.0,0
0.0,0
0.0,0
0.0,0
0.0,0
0.0,0
0.3382352941176471,1
0.0294117647058823,1
0.4516129032258064,1
0.0,0
0.2899022801302932,1
0.1473684210526315,1
0.0,0
0.25,1
0.0,0
0.0847457627118644,1
0.0,0
0.0666666666666666,1
0.0,0
0.0,0
0.0,0
0.0,0
0.0,0
0.1,1
0.0,0
0.5494791666666666,1
0.0,0
0.0,0
0.675,1
0.3571428571428571,1
0.0,0
0.0,0
0.0,0
0.1,1
0.4888888888888889,1
0.0,0
0.0,0
0.8085106382978723,1
0.0,0
0.0,0
0.001953125,1
0.3142857142857143,1
0.4683544303797468,1
0.0,0
0.0,0
0.0,0
0.0,0
0.5271317829457365,1
0.5454545454545454,1
0.0476190476190476,1
0.6363636363636364,1
0.0,0
0.0,0
0.0,0
0.0,0
0.0,0
0.0,0
0.8,1
0.0,0
0.125,1
0.0,0
0.0,0
0.0014430014430014,1
0.0769230769230769,1
0.0490566037735849,1
0.0,0
0.0,0
0.0,0
0.0,0
0.125,1
0.0,0
0.0,0
0.0,0
0.0,0
0.0,0
0.0,0
0.0,0
0.1774193548387097,1
0.0,0
0.1081081081081081,1
0.0,0
0.0,0
0.0,0
0.0,0
0.0,0
0.0,0
0.0,0
0.002680965147453,1
0.0674157303370786,1
0.0,0
0.03,1
0.0,0
0.5714285714285714,1
0.099009900990099,1
0.02,1
0.0,0
0.0,0
0.7884615384615384,1
0.0,0
0.0,0
0.6501766784452296,1
0.0,0
0.0,0
0.0,0
0.1538461538461538,1
0.0,0
0.0,0
0.0,0
0.0,0
0.0,0
0.3421052631578947,1
0.0,0
0.0,0
0.0,0
0.0,0
0.0,0
0.5869565217391305,1
0.0,0
0.0,0
0.0,0
0.0,0
0.0888888888888888,1
0.0,0
0.0,0
0.0,0
0.1851851851851851,1
0.0,0
0.647887323943662,1
0.5775862068965517,1
0.0,0
0.0,0
0.1475409836065573,1
0.0,0
0.0,0
0.7391304347826086,1
0.3660714285714285,1
0.003875968992248,1
0.75,1
0.0,0
0.1428571428571428,1
0.9069767441860463,1
0.0,0
0.1851851851851851,1
0.0,0
0.0857142857142857,1
0.0,0
0.0,0
0.7857142857142857,1
1.0,1
1.0,1
0.0,0
0.0,0
0.0,0
0.0652173913043478,1
0.0,0
0.0,0
0.0,0
0.3703703703703703,1
0.2964824120603015,1
0.0,0
0.0746268656716417,1
0.3829787234042553,1
0.3333333333333333,1
0.0,0
0.703125,1
0.0,0
0.0333333333333333,1
0.0,0
0.0,0
0.0,0
0.05,1
0.2,1
0.0,0
0.173076923076923,1
0.0909090909090909,1
0.0,0
0.0,0
0.0,0
0.0,0
0.1428571428571428,1
0.0,0
1.0,1
0.0527472527472527,1
0.0,0
0.125,1
0.0,0
0.6153846153846154,1
0.4166666666666667,1
0.0149253731343283,1
0.0,0
0.0,0
1.0,1
0.0,0
0.0,0
0.7692307692307693,1
0.8,1
0.3333333333333333,1
0.0,0
0.3272727272727272,1
0.0,0
0.0,0
0.4,1
0.0,0
0.5952380952380952,1
0.5,1
0.0,0
0.0666666666666666,1
0.8378378378378378,1
0.0,0
0.0,0
0.0,0
0.0,0
0.1363636363636363,1
0.0,0
0.0,0
0.0,0
0.0,0
0.6896551724137931,1
0.0909090909090909,1
0.06,1
0.1304347826086956,1
0.0,0
0.0241379310344827,1
0.2831632653061224,1
0.0,0
0.0,0
0.05,1
0.7777777777777778,1
0.0117647058823529,1
0.0,0
0.0,0
0.0,0
0.0,0
0.1326530612244898,1
0.2708333333333333,1
0.0,0
0.0,0
0.0,0
0.8416666666666667,1
0.6666666666666666,1
0.0609756097560975,1
0.0,0
0.0,0
0.0,0
0.1129032258064516,1
0.0,0
1.0,1
0.0625,1
0.0097087378640776,1
0.0,0
0.0,0
0.1150442477876106,1
0.0,0
0.0,0
0.0043859649122807,1
0.0277777777777777,1
0.8461538461538461,1
0.325,1
0.0,0
0.1666666666666666,1
0.0,0
0.0,0
0.0,0
0.0909090909090909,1
0.1666666666666666,1
0.01,1
0.0,0
0.0,0
0.0,0
0.0013986013986013,1
0.6666666666666666,1
0.6524590163934426,1
0.7283763277693475,1
0.0,0
0.5306122448979592,1
0.0909090909090909,1
0.9166666666666666,1
0.0,0
0.0,0
0.0,0
0.0,0
0.0,0
0.0,0
0.1304347826086956,1
0.0,0
0.0,0
0.0,0
0.0,0
0.0,0
0.0,0
0.0,0
0.0,0
0.0094339622641509,1
0.0,0
0.0,0
0.0238095238095238,1
0.5,1
0.0,0
0.0,0
0.0142857142857142,1
0.0,0
0.7878787878787878,1
0.0,0
0.4333333333333333,1
0.0,0
0.3711340206185567,1
1.0,1
0.0059523809523809,1
0.0,0
0.5833333333333334,1
1.0,1
0.10062893081761,1
0.0,0
0.25,1
0.1222222222222222,1
0.0,0
0.3684210526315789,1
0.0,0
0.0,0
0.0060240963855421,1
0.03125,1
0.0,0
0.0108459869848156,1
0.0,0
0.6428571428571429,1
0.0588235294117647,1
0.0,0
0.0,0
0.5,1
0.1153846153846153,1
0.0,0
0.6,1
0.0,0
0.5,1
0.4782608695652174,1
0.3409090909090909,1
0.0,0
0.0442477876106194,1
0.0,0
0.0,0
0.0047169811320754,1
0.0,0
0.0,0
0.0248756218905472,1
0.0,0
0.0,0
0.0,0
0.0416666666666666,1
0.4444444444444444,1
0.0,0
0.0,0
0.7307692307692307,1
0.0,0
0.4782608695652174,1
0.0,0
0.0,0
0.0,0
0.76,1
0.0,0
0.0,0
0.0,0
0.0278481012658227,1
0.5592105263157895,1
0.0158730158730158,1
0.0,0
0.3333333333333333,1
0.2307692307692307,1
0.0,0
0.2842105263157894,1
0.0009615384615384,1
0.0,0
0.6,1
0.6984924623115578,1
0.0,0
0.1071428571428571,1
0.8720930232558141,1
0.0,0
0.0,0
0.0,0
0.9115044247787608,1
0.0,0
0.0714285714285714,1
0.6666666666666666,1
0.0354838709677419,1
0.0,0
1.0,1
0.0,0
0.0,0
0.6086956521739131,1
0.0,0
0.0,0
0.1517857142857142,1
0.0,0
0.0,0
0.6,1
0.6,1
0.0,0
0.0422535211267605,1
0.0,0
0.5625,1
0.0074388947927736,1
0.0904522613065326,1
0.0344827586206896,1
0.0077519379844961,1
0.0,0
0.0,0
0.8148148148148148,1
0.0707070707070707,1
0.5,1
0.0,0
0.0,0
0.0,0
0.0,0
0.0416666666666666,1
0.0,0
0.0,0
0.0,0
0.0,0
0.6428571428571429,1
0.0,0
0.0,0
0.0,0
0.0,0
0.6428571428571429,1
0.0,0
0.2636363636363636,1
1.0,1
0.7948717948717948,1
0.0909090909090909,1
0.0,0
0.0,0
0.0,0
0.0,0
0.0909090909090909,1
0.5802469135802469,1
0.0,0
0.0884353741496598,1
0.0,0
0.0,0
0.4102564102564102,1
0.0,0
0.0,0
0.0,0
0.9,1
0.2391304347826087,1
0.0,0
0.7761194029850746,1
0.0,0
0.0,0
0.0,0
0.0,0
0.4545454545454545,1
0.4210526315789473,1
0.0,0
0.0,0
0.3362068965517241,1
0.1481481481481481,1
0.0,0
0.0,0
0.0,0
0.0,0
0.0,0
0.725,1
0.0,0
0.0,0
0.0,0
0.0,0
0.0,0
0.0,0
0.0327868852459016,1
0.2,1
0.0,0
0.0,0
0.0,0
0.0,0
0.0,0
0.0,0
0.0,0
0.3377483443708609,1
0.0,0
0.5,1
0.0221914008321775,1
0.3037974683544304,1
0.0681818181818181,1
0.0,0
0.8181818181818182,1
0.0132013201320132,1
0.2222222222222222,1
0.0,0
0.8541666666666666,1
0.4444444444444444,1
0.0845481049562682,1
1.0,1
0.1741293532338308,1
0.0,0
0.5564516129032258,1
0.0,0
0.8,1
0.05,1
0.24,1
0.32,1
0.0,0
0.5,1
0.0,0
0.0555555555555555,1
0.0039215686274509,1
0.0,0
0.0,0
0.9032258064516128,1
0.0,0
0.7634408602150538,1
0.490566037735849,1
0.0,0
0.0303030303030303,1
0.0,0
0.0,0
0.0033333333333333,1
0.5,1
0.0,0
0.0,0
0.0,0
0.65625,1
0.0196078431372549,1
0.0396039603960396,1
0.0,0
0.0,0
0.0,0
0.0,0
0.0,0
0.0,0
0.0027322404371584,1
0.0,0
0.0034013605442176,1
0.0,0
0.0,0
0.016260162601626,1
0.282051282051282,1
0.0,0
0.0277777777777777,1
0.0,0
0.1224489795918367,1
0.0,0
0.8333333333333334,1
0.0,0
0.0161290322580645,1
0.0,0
0.0,0
0.0,0
0.0,0
0.0166666666666666,1
0.0,0
0.375,1
0.0434782608695652,1
0.0,0
0.1,1
0.0,0
0.0,0
0.4545454545454545,1
0.0,0
0.0095238095238095,1
0.0,0
0.6763485477178424,1
0.0,0
0.0051282051282051,1
0.0,0
0.0,0
0.0,0
0.7551020408163265,1
0.0,0
0.0,0
0.25,1
0.0,0
0.0,0
0.0,0
0.0,0
0.0303030303030303,1
0.0,0
0.5194805194805194,1
0.0,0
0.0,0
0.0,0
0.0,0
0.0493827160493827,1
0.4230769230769231,1
0.0026954177897574,1
0.0416666666666666,1
0.5141509433962265,1
0.0,0
0.0133333333333333,1
0.0,0
0.0,0
0.2777777777777778,1
0.0,0
0.0,0
0.0,0
0.0,0
0.0,0
0.7692307692307693,1
0.0,0
0.9705882352941176,1
0.6666666666666666,1
0.0,0
0.0,0
0.0,0
0.8775510204081632,1
0.3,1
0.0,0
0.0,0
0.1987179487179487,1
0.0,0
0.0,0
0.6666666666666666,1
0.0,0
0.0275862068965517,1
0.9285714285714286,1
0.0,0
0.0,0
0.905940594059406,1
0.0428571428571428,1
0.0,0
0.1153846153846153,1
0.0,0
0.8,1
0.1568627450980392,1
0.0,0
0.6,1
0.6967741935483871,1
0.0,0
0.2,1
0.0,0
0.0036297640653357,1
0.2903225806451613,1
0.0,0
0.0,0
0.5517241379310345,1
0.0,0
0.0,0
0.5868263473053892,1
0.0026109660574412,1
0.0,0
0.7714285714285715,1
0.0,0
0.0,0
0.3160621761658031,1
0.0,0
0.1306818181818181,1
0.0031948881789137,1
0.25,1
0.0,0
0.0144927536231884,1
0.2777777777777778,1
0.25,1
0.3333333333333333,1
0.0049019607843137,1
0.4361702127659574,1
0.0,0
0.0,0
0.0,0
0.6682926829268293,1
0.0,0
0.0,0
0.2547169811320754,1
0.0,0
0.0,0
0.0,0
0.0,0
0.0,0
0.0,0
0.08,1
0.15,1
0.0,0
0.0,0
0.0,0
0.25,1
0.6197183098591549,1
0.8461538461538461,1
0.6166666666666667,1
0.0,0
0.0,0
0.0256410256410256,1
0.0020283975659229,1
0.0446009389671361,1
0.0,0
1.0,1
0.0041322314049586,1
0.0,0
0.5520833333333334,1
0.0333333333333333,1
0.0,0
0.0,0
0.6111111111111112,1
0.0,0
0.0,0
0.0,0
0.1875,1
0.0060240963855421,1
0.0,0
0.0,0
0.0,0
0.0142857142857142,1
0.5483870967741935,1
0.0123691722169362,1
0.0,0
0.0,0
0.0,0
0.0526315789473684,1
0.0063694267515923,1
0.0,0
0.0,0
0.0,0
0.2391304347826087,1
0.0,0
0.0,0
0.0,0
0.7466666666666667,1
0.0,0
0.0,0
0.0,0
0.0,0
0.0,0
0.0,0
1.0,1
0.0,0
0.78125,1
0.3606557377049179,1
0.0,0
0.0,0
0.1751824817518248,1
0.0606060606060606,1
0.0,0
0.0,0
0.5288461538461539,1
0.188034188034188,1
0.0,0
0.0,0
0.0,0
0.0,0
0.0,0
0.9333333333333332,1
0.0,0
0.0333333333333333,1
0.0,0
0.0,0
0.0,0
0.1379310344827586,1
0.1538461538461538,1
0.0,0
0.0,0
0.0,0
0.0,0
0.3478260869565217,1
0.0,0
0.0,0
0.0093457943925233,1
0.0,0
0.0,0
0.0021739130434782,1
0.0,0
0.0,0
0.0,0
0.0,0
0.0031645569620253,1
0.0223463687150838,1
0.0224719101123595,1
0.0,0
0.7142857142857143,1
0.0,0
0.0,0
0.0512820512820512,1
0.2352941176470588,1
0.0,0
0.0,0
0.6730769230769231,1
0.0048780487804878,1
0.0,0
0.1034482758620689,1
0.75,1
0.2875,1
0.0,0
0.4761904761904761,1
0.4037267080745341,1
0.0,0
0.4333333333333333,1
0.6097560975609756,1
0.0,0
0.0,0
0.0,0
0.0,0
0.0,0
0.0,0
0.0,0
0.0,0
0.0,0
0.03,1
0.0,0
0.0,0
0.2307692307692307,1
0.0,0
0.0,0
0.0,0
0.0,0
0.0,0
0.0,0
0.3235294117647059,1
0.0,0
0.0,0
0.04,1
0.0,0
0.5367647058823529,1
0.0506329113924049,1
0.0163934426229508,1
0.0,0
0.0,0
0.0172413793103448,1
0.0,0
0.0,0
0.0344827586206896,1
0.0,0
0.3265306122448979,1
0.0,0
0.0,0
0.0,0
0.0381679389312977,1
0.2222222222222222,1
0.0,0
0.6274509803921569,1
0.4594594594594595,1
0.0,0
0.0,0
0.0,0
0.0,0
0.0,0
0.075,1
0.7916666666666666,1
0.0,0
0.0,0
0.0,0
0.0350877192982456,1
0.0,0
0.0,0
0.6666666666666666,1
0.2115384615384615,1
0.1428571428571428,1
0.0333333333333333,1
0.4285714285714285,1
0.0,0
0.0,0
0.0,0
0.0,0
0.5,1
0.0,0
0.0,0
0.0,0
0.42,1
0.0,0
0.0098039215686274,1
0.0045454545454545,1
0.0,0
0.0,0
0.0,0
0.0,0
0.0,0
0.0,0
0.0,0
0.0,0
0.0,0
0.1208791208791208,1
0.0,0
0.0,0
0.7090069284064665,1
0.0,0
0.0,0
0.3205128205128205,1
0.0,0
0.0,0
0.6666666666666666,1
0.0,0
0.0,0
0.4285714285714285,1
0.0078125,1
0.7368421052631579,1
0.0,0
0.0,0
0.5777777777777777,1
0.2,1
0.0121951219512195,1
0.0,0
0.0,0
0.0,0
0.875,1
0.1,1
0.0,0
0.0,0
0.0,0
0.0,0
0.0,0
0.0,0
0.0105263157894736,1
0.4651162790697674,1
0.0,0
0.0,0
0.0403225806451612,1
0.1111111111111111,1
0.0,0
0.0,0
1.0,1
0.5,1
0.0,0
0.2222222222222222,1
0.58,1
0.0,0
0.1666666666666666,1
0.0,0
0.0,0
0.0,0
0.1702127659574468,1
0.0,0
0.0,0
0.0,0
0.2702702702702703,1
0.0,0
0.3170731707317073,1
0.0,0
0.0011396011396011,1
0.0,0
0.0,0
0.0,0
0.0,0
0.0,0
0.0,0
0.1333333333333333,1
0.0,0
0.7941176470588235,1
0.0,0
0.0,0
0.0,0
0.6842105263157895,1
0.0,0
0.0,0
0.0,0
0.6701030927835051,1
0.0,0
0.0,0
0.0,0
0.0,0
0.040133779264214,1
0.0,0
0.0,0
0.7058823529411765,1
0.0454545454545454,1
0.0048076923076923,1
0.7846153846153846,1
0.0,0
0.375,1
0.0,0
0.0,0
0.0,0
0.0,0
0.3846153846153846,1
0.0,0
0.0,0
0.0,0
0.0,0
0.0,0
0.0017301038062283,1
0.0,0
0.0,0
0.6,1
0.0,0
0.1111111111111111,1
0.0,0
0.0,0
0.0,0
0.0476190476190476,1
0.086021505376344,1
0.0,0
0.0,0
0.0,0
0.175475687103594,1
0.0,0
0.0,0
0.0,0
0.0,0
0.0,0
0.0142180094786729,1
0.8275862068965517,1
0.0,0
0.0,0
0.0,0
0.0,0
0.0,0
0.0,0
0.651685393258427,1
0.9473684210526316,1
0.0,0
0.0,0
0.0,0
0.0,0
0.0,0
0.6785714285714286,1
0.0,0
0.0,0
0.0615384615384615,1
0.0,0
0.01,1
0.0,0
1.0,1
0.0051020408163265,1
0.95,1
0.0021645021645021,1
0.5409836065573771,1
0.0,0
0.0128205128205128,1
0.2837837837837837,1
0.0,0
0.0,0
0.0,0
0.0,0
0.0,0
0.0,0
0.0,0
0.0,0
0.0040983606557377,1
0.0,0
0.0,0
0.6,1
0.0,0
0.0,0
0.0,0
0.0384615384615384,1
0.0,0
0.0,0
0.7702127659574468,1
0.0,0
0.0,0
0.1259842519685039,1
0.0,0
0.6041666666666666,1
0.05,1
0.0212765957446808,1
0.0132890365448504,1
0.0,0
0.8512396694214877,1
0.0,0
0.0,0
0.4342105263157895,1
0.0333333333333333,1
0.1428571428571428,1
0.2254901960784313,1
0.8571428571428571,1
0.925,1
0.0017953321364452,1
0.0,0
0.0,0
0.0,0
0.0956521739130434,1
0.3333333333333333,1
0.6111111111111112,1
0.0,0
0.82,1
0.3763837638376384,1
0.037037037037037,1
0.0294117647058823,1
0.8846153846153846,1
0.0,0
0.2857142857142857,1
0.0,0
0.0,0
0.0,0
1.0,1
0.0,0
0.0,0
0.0,0
0.0410958904109589,1
0.0,0
0.0,0
0.1379310344827586,1
0.0,0
0.5,1
0.7647058823529411,1
0.1785714285714285,1
0.0,0
0.0,0
0.5833333333333334,1
0.0,0
0.2272727272727272,1
0.0,0
0.0,0
0.0,0
0.0,0
0.1470588235294117,1
0.4411764705882353,1
0.7761194029850746,1
0.0,0
0.0384615384615384,1
0.0,0
0.0,0
0.0,0
0.0,0
0.0,0
0.0,0
0.0,0
0.2592592592592592,1
0.0,0
0.0,0
0.0,0
0.0689655172413793,1
0.0033670033670033,1
0.5882352941176471,1
0.0140845070422535,1
0.0217391304347826,1
0.0,0
0.7631578947368421,1
0.0,0
0.1343873517786561,1
0.0,0
0.0,0
0.0,0
0.6111111111111112,1
0.0,0
0.0555555555555555,1
0.65,1
0.0128205128205128,1
0.0,0
0.0,0
0.84,1
0.1160220994475138,1
0.0073529411764705,1
0.0,0
0.0,0
0.0,0
0.5714285714285714,1
0.0,0
0.0,0
0.4754098360655737,1
0.4,1
0.0,0
0.0,0
0.0,0
0.0,0
0.4375,1
0.0125,1
0.0,0
0.4516129032258064,1
0.0,0
0.0,0
0.1052631578947368,1
0.3396226415094339,1
0.7368421052631579,1
0.04,1
0.0952380952380952,1
0.0204081632653061,1
1.0,1
0.0,0
0.0588235294117647,1
0.4666666666666667,1
0.0,0
0.0,0
0.0277777777777777,1
0.0,0
0.4444444444444444,1
0.0,0
0.0,0
0.0,0
0.0,0
0.0,0
0.0,0
0.05,1
0.0,0
0.0,0
0.0,0
0.0042735042735042,1
0.0,0
0.0,0
0.5187969924812029,1
0.0344827586206896,1
0.1153846153846153,1
0.0,0
0.3428571428571428,1
0.7222222222222222,1
0.1847826086956521,1
0.0,0
0.1666666666666666,1
0.0,0
0.21875,1
0.0,0
0.0,0
0.0,0
0.5583333333333333,1
0.0017035775127768,1
0.0,0
0.01,1
0.12,1
0.0,0
0.2105263157894736,1
0.1428571428571428,1
0.0566037735849056,1
0.4224137931034483,1
0.0,0
0.0,0
0.5294117647058824,1
0.0,0
0.8037383177570093,1
0.0,0
0.0,0
1.0,1
0.0,0
0.4014084507042254,1
0.8571428571428571,1
0.0,0
0.0,0
0.0,0
0.1052631578947368,1
0.0,0
0.0,0
0.0,0
0.0,0
0.0,0
0.28,1
0.032258064516129,1
0.0198019801980198,1
0.0,0
0.0,0
0.1480331262939958,1
0.8648648648648649,1
0.0,0
0.0018484288354898,1
0.0,0
0.0,0
0.1176470588235294,1
0.2444444444444444,1
0.0,0
0.0,0
0.064,1
0.1620111731843575,1
0.0,0
0.0,0
0.0,0
0.0,0
0.0061491160645657,1
0.0,0
0.28,1
0.0143042912873862,1
0.0,0
0.0,0
0.1126760563380281,1
0.6666666666666666,1
0.0,0
0.0,0
0.3333333333333333,1
0.0192307692307692,1
0.125,1
0.0285714285714285,1
0.0,0
0.1764705882352941,1
0.0,0
0.6666666666666666,1
0.0,0
0.0,0
0.0125786163522012,1
0.0029940119760479,1
0.0,0
0.4333333333333333,1
0.0,0
0.0,0
0.0,0
0.0131578947368421,1
0.0,0
0.0,0
0.1578947368421052,1
0.0,0
0.0117302052785923,1
0.0,0
0.94,1
0.0,0
0.0833333333333333,1
0.0,0
0.3297872340425531,1
0.0,0
0.0,0
0.0132450331125827,1
0.6666666666666666,1
1.0,1
0.0,0
0.0,0
0.0,0
0.0,0
0.43,1
0.0,0
0.7070063694267515,1
1.0,1
0.0,0
0.0,0
0.1578947368421052,1
0.3333333333333333,1
0.0063694267515923,1
0.0,0
0.3636363636363636,1
0.0,0
0.9090909090909092,1
0.0009940357852882,1
0.0,0
0.8640483383685801,1
0.0,0
0.7120000000000001,1
0.0,0
0.1621621621621621,1
0.0615384615384615,1
0.0,0
0.9767441860465116,1
0.0251572327044025,1
0.0,0
0.4153846153846154,1
0.0049504950495049,1
0.5714285714285714,1
0.0,0
0.0,0
1.0,1
0.0,0
0.7876106194690266,1
0.0434782608695652,1
0.0,0
0.76,1
0.0,0
0.4074074074074074,1
0.0,0
0.4311926605504587,1
0.8888888888888888,1
0.0,0
0.0,0
0.0,0
0.0,0
0.0,0
0.1727272727272727,1
0.1111111111111111,1
0.875,1
0.0,0
0.8666666666666667,1
0.0,0
0.4259259259259259,1
0.12,1
0.0,0
0.0,0
0.03125,1
0.1120448179271708,1
0.5,1
0.5686274509803921,1
0.0,0
0.0,0
0.0461538461538461,1
0.4848484848484848,1
0.0,0
0.0,0
0.0,0
0.0,0
0.875,1
0.0,0
0.0,0
0.0,0
0.0,0
0.6578947368421053,1
0.0161290322580645,1
0.1403508771929824,1
0.6666666666666666,1
0.0,0
0.0,0
0.5,1
0.0061728395061728,1
0.0,0
0.5,1
0.0,0
0.054054054054054,1
0.0,0
0.0,0
0.2857142857142857,1
0.0,0
0.0,0
0.4784172661870504,1
0.0,0
0.0833333333333333,1
0.0609756097560975,1
0.0,0
0.0,0
0.0035,1
1.0,1
0.0,0
0.09375,1
0.0,0
0.0,0
0.7717391304347826,1
0.0,0
0.0068493150684931,1
0.0,0
0.0,0
0.7647058823529411,1
0.1,1
1.0,1
0.0441988950276243,1
0.0,0
0.03125,1
0.0238095238095238,1
0.0,0
0.0,0
0.0,0
0.0,0
0.5588235294117647,1
0.0672645739910313,1
0.0,0
0.0,0
0.0,0
0.0086206896551724,1
0.0714285714285714,1
0.0,0
0.2698412698412698,1
0.0,0
0.65,1
0.1363636363636363,1
0.0,0
0.8675496688741722,1
0.0,0
0.0,0
0.5822784810126582,1
0.0,0
0.5454545454545454,1
0.0,0
0.0,0
0.0,0
0.0062421972534332,1
0.0,0
0.0,0
0.0344827586206896,1
0.6410256410256411,1
0.64,1
0.0,0
0.0614754098360655,1
0.0,0
0.0,0
0.0,0
0.0,0
1.0,1
0.09375,1
0.0,0
0.4090909090909091,1
0.0,0
0.0,0
0.4,1
0.8333333333333334,1
0.1434599156118143,1
0.0,0
0.8205128205128205,1
0.0,0
0.2272727272727272,1
0.0,0
0.0042238648363252,1
0.0,0
0.6346153846153846,1
0.0,0
0.0422535211267605,1
0.5238095238095238,1
0.0,0
0.0,0
0.1896551724137931,1
0.0133333333333333,1
0.2459016393442623,1
0.0,0
0.0,0
0.0,0
1.0,1
0.0298013245033112,1
0.0,0
0.0103806228373702,1
0.0,0
0.0,0
0.0,0
0.0,0
0.0,0
0.0952380952380952,1
0.4347826086956521,1
0.6226415094339622,1
0.0,0
0.057471264367816,1
0.0,0
0.0434782608695652,1
0.293103448275862,1
0.0,0
0.5,1
0.0,0
0.0,0
0.0285714285714285,1
0.7314814814814815,1
0.0,0
0.0,0
0.0,0
0.0,0
0.3333333333333333,1
0.0,0
0.0,0
0.0,0
0.0,0
0.0,0
0.6333333333333333,1
0.0,0
0.0108695652173913,1
0.0,0
0.008695652173913,1
0.0,0
0.0,0
0.0,0
0.0,0
0.0,0
0.2083333333333333,1
0.0,0
0.0,0
0.0086455331412103,1
0.2137404580152671,1
0.0,0
0.4931506849315068,1
0.0,0
0.4272727272727272,1
0.0,0
0.0,0
0.0,0
0.4814814814814814,1
0.0166666666666666,1
0.1081081081081081,1
0.0404040404040404,1
0.0,0
0.0,0
0.027027027027027,1
0.005050505050505,1
0.0,0
0.0,0
0.40625,1
0.0729166666666666,1
0.0,0
0.0416666666666666,1
0.0,0
0.1111111111111111,1
0.0,0
0.0,0
0.0,0
0.0,0
0.0454545454545454,1
0.0,0
0.0,0
0.0,0
0.0,0
0.4186046511627907,1
0.0,0
0.0,0
0.0,0
0.2605042016806723,1
0.4074074074074074,1
0.1095890410958904,1
0.0092986184909669,1
0.0,0
0.1372549019607843,1
0.0,0
0.6571428571428571,1
0.3478260869565217,1
0.0088495575221238,1
0.0,0
0.0,0
0.0666666666666666,1
0.775,1
0.0526315789473684,1
0.0,0
0.0,0
0.0,0
0.0,0
0.0240963855421686,1
0.2647058823529412,1
0.0,0
0.726027397260274,1
0.0031341412452987,1
0.2571428571428571,1
0.8888888888888888,1
0.0,0
0.0,0
0.0,0
0.0847457627118644,1
0.0,0
0.0,0
0.0,0
0.0,0
0.9787234042553192,1
0.6779661016949152,1
0.5952380952380952,1
1.0,1
0.0714285714285714,1
0.0,0
0.0,0
0.0,0
0.0,0
0.0,0
0.0,0
0.8067226890756303,1
0.0,0
0.0,0
0.7142857142857143,1
0.0,0
0.0071942446043165,1
0.0,0
0.0,0
0.0,0
0.0,0
0.564625850340136,1
0.0,0
0.8928571428571429,1
0.0,0
0.0,0
0.0,0
0.1666666666666666,1
0.5882352941176471,1
0.0789473684210526,1
0.0,0
0.4520547945205479,1
0.0,0
0.0,0
0.2372881355932203,1
0.319672131147541,1
0.2285714285714285,1
0.0,0
0.0,0
0.0051993067590987,1
0.0,0
0.0,0
0.1363306744017404,1
0.0,0
0.0145772594752186,1
0.0,0
0.0,0
0.0,0
0.5,1
0.0,0
0.0,0
0.2941176470588235,1
0.0,0
0.0,0
0.8787878787878788,1
0.0,0
0.0,0
0.0266666666666666,1
0.0,0
0.0,0
0.0,0
0.75,1
0.0,0
0.6111111111111112,1
0.0,0
0.9130434782608696,1
0.0,0
0.0,0
0.0,0
0.0,0
0.0,0
0.0,0
0.0,0
0.0,0
0.04,1
0.0,0
0.074074074074074,1
0.1666666666666666,1
0.0,0
0.0029154518950437,1
0.0,0
0.0,0
0.7813620071684588,1
0.0,0
0.0510948905109489,1
0.0,0
0.0,0
0.0,0
0.0,0
0.08,1
0.0,0
0.4558823529411764,1
0.3333333333333333,1
0.0,0
0.0041322314049586,1
0.46875,1
0.0,0
0.0017513134851138,1
0.0,0
0.0,0
0.3055555555555556,1
0.8461538461538461,1
0.4583333333333333,1
0.027027027027027,1
0.0022123893805309,1
0.0,0
0.6666666666666666,1
0.0,0
0.0,0
0.0,0
0.0,0
0.5577889447236181,1
0.0,0
0.0,0
0.2752808988764045,1
0.0017271157167529,1
0.0526315789473684,1
0.275,1
0.721030042918455,1
0.0048076923076923,1
0.0168067226890756,1
0.064516129032258,1
0.6341463414634146,1
0.1666666666666666,1
0.075,1
0.0,0
0.0,0
0.0,0
0.0,0
0.4008810572687225,1
0.6,1
0.0,0
0.0092592592592592,1
0.0,0
0.0,0
0.0,0
0.125,1
0.0,0
0.0625,1
0.0,0
0.078125,1
0.0,0
0.0,0
0.05,1
1.0,1
0.0,0
0.0,0
0.0,0
0.0,0
0.0,0
0.0,0
0.0,0
0.0384615384615384,1
0.0,0
0.0,0
0.2019230769230769,1
0.0,0
0.0,0
0.1428571428571428,1
0.0,0
0.8888888888888888,1
0.0,0
0.0,0
0.0909090909090909,1
0.0,0
0.0,0
0.0892857142857142,1
0.0018552875695732,1
0.0201342281879194,1
0.0,0
0.0,0
0.05,1
0.7614678899082569,1
0.0,0
0.2307692307692307,1
0.2,1
0.0,0
0.0,0
0.0132450331125827,1
0.0,0
0.0,0
0.0,0
0.0,0
0.0,0
0.621301775147929,1
0.0,0
0.0,0
1.0,1
0.0,0
0.0,0
0.0,0
0.9,1
0.0,0
0.0555555555555555,1
0.0,0
0.0,0
0.0,0
0.0535714285714285,1
0.0,0
0.0059880239520958,1
0.0,0
0.5483870967741935,1
0.0196078431372549,1
0.02,1
0.0,0
0.8226600985221675,1
0.0021097046413502,1
0.3783783783783784,1
0.0,0
0.0476190476190476,1
0.0,0
0.0,0
0.0,0
0.083941605839416,1
0.0,0
0.0,0
0.0,0
0.0,0
0.0,0
0.0,0
0.0967741935483871,1
0.0048780487804878,1
0.0153846153846153,1
0.4054054054054054,1
0.0,0
0.1612903225806451,1
0.0,0
0.0,0
0.0,0
0.217391304347826,1
0.0,0
0.4375,1
0.0,0
0.0,0
0.0033898305084745,1
0.0,0
0.0,0
0.0714285714285714,1
0.1739130434782608,1
0.4285714285714285,1
0.0,0
0.8087774294670846,1
0.0655737704918032,1
0.0,0
0.1016949152542373,1
0.6015037593984962,1
0.0,0
0.2666666666666666,1
0.0,0
0.0,0
0.0,0
0.0,0
0.0,0
0.0,0
0.0,0
0.0,0
0.25,1
0.0666666666666666,1
0.0081967213114754,1
0.3432835820895522,1
0.0206896551724137,1
0.0,0
0.0769230769230769,1
0.4693877551020408,1
0.0,0
0.0,0
0.0444444444444444,1
0.4722222222222222,1
0.0,0
0.0,0
0.024390243902439,1
0.0,0
0.0,0
0.0,0
0.0,0
0.0004646840148698,1
0.0,0
0.0059880239520958,1
0.0,0
0.1304347826086956,1
0.5789473684210527,1
0.0,0
0.0,0
0.0,0
0.5454545454545454,1
0.0,0
0.0,0
0.0,0
0.0031645569620253,1
0.0,0
0.0,0
0.0,0
0.0,0
0.0,0
0.0,0
0.0,0
0.0,0
0.0,0
0.1666666666666666,1
0.0,0
0.0,0
0.0,0
0.0,0
1.0,1
0.0,0
0.0,0
0.0,0
0.093167701863354,1
0.12,1
0.0,0
0.7790697674418605,1
0.0,0
0.8571428571428571,1
0.32,1
0.0,0
0.0,0
0.9428571428571428,1
0.0,0
0.0,0
0.0,0
0.0,0
0.4408602150537634,1
0.0,0
0.0,0
0.3333333333333333,1
0.6474820143884892,1
0.0,0
0.0,0
0.0,0
0.0,0
0.1393442622950819,1
0.0,0
0.0,0
0.0333333333333333,1
0.0,0
0.0,0
0.0,0
0.0047619047619047,1
0.5128205128205128,1
0.0,0
0.0034364261168384,1
0.0,0
0.0015974440894568,1
0.7547169811320755,1
0.0,0
0.7418300653594772,1
0.0,0
0.0,0
0.0,0
0.0,0
0.0,0
0.3846153846153846,1
0.1111111111111111,1
0.0327868852459016,1
0.0,0
0.6,1
0.0,0
0.0,0
0.0861538461538461,1
0.0,0
0.4,1
0.0,0
0.0,0
0.03125,1
0.6428571428571429,1
0.0679611650485436,1
0.0125,1
0.0,0
0.0,0
0.0,0
0.0,0
0.0,0
0.0,0
0.5384615384615384,1
0.0,0
0.0149253731343283,1
0.0,0
0.0,0
0.0686274509803921,1
0.0,0
0.0,0
0.0,0
0.4571428571428571,1
0.0,0
0.0,0
0.0,0
0.0,0
0.0,0
0.0,0
0.1578947368421052,1
0.0,0
0.5205479452054794,1
0.3154121863799283,1
0.0,0
0.0,0
0.0070921985815602,1
0.7608695652173914,1
0.0,0
0.0,0
0.0,0
0.0057142857142857,1
0.0,0
0.0,0
0.0,0
0.0,0
0.0,0
0.0,0
0.1111111111111111,1
0.0,0
0.0,0
0.4,1
0.0238095238095238,1
0.0,0
0.0555555555555555,1
0.3,1
0.0,0
0.0,0
0.0,0
0.0476190476190476,1
0.0512820512820512,1
0.0,0
0.0454545454545454,1
0.0,0
0.0294117647058823,1
0.9090909090909092,1
0.6842105263157895,1
0.0,0
0.4705882352941176,1
0.0,0
0.3333333333333333,1
0.0,0
0.0526315789473684,1
0.0,0
0.0,0
0.063063063063063,1
0.4333333333333333,1
0.0,0
0.3191489361702128,1
0.1224489795918367,1
0.0,0
0.0,0
0.0144927536231884,1
0.0,0
0.1136363636363636,1
0.7552742616033755,1
0.0,0
0.0,0
0.0008203445447087,1
0.0898876404494382,1
0.0,0
0.0,0
0.0909090909090909,1
0.0,0
0.0,0
0.0,0
0.0,0
0.3625,1
0.0,0
0.0,0
0.0,0
0.0,0
0.0,0
0.0952380952380952,1
0.6206896551724138,1
0.0,0
0.0,0
0.3933933933933934,1
0.0,0
0.0769230769230769,1
0.0,0
0.2,1
0.0,0
0.0,0
0.1,1
0.0,0
0.0,0
0.0444444444444444,1
0.2222222222222222,1
0.0388349514563106,1
0.0,0
0.65,1
0.0,0
0.0,0
0.0,0
0.52,1
0.0,0
0.0,0
0.0,0
0.0,0
0.0,0
0.4375,1
0.8,1
0.0,0
0.8285714285714286,1
0.0,0
0.0,0
0.0,0
0.1506024096385542,1
0.9333333333333332,1
0.0,0
0.0,0
0.0616438356164383,1
1.0,1
0.05,1
0.0,0
0.0018691588785046,1
0.0,0
0.0,0
0.0,0
0.0674157303370786,1
0.0,0
0.4,1
0.0,0
0.0144927536231884,1
0.0028248587570621,1
0.0303030303030303,1
0.04,1
0.0,0
0.0,0
0.0,0
0.0,0
0.0,0
0.0,0
0.06,1
0.0,0
0.0,0
0.855,1
0.0,0
0.0909090909090909,1
0.0,0
0.6565495207667732,1
0.0028328611898017,1
0.1428571428571428,1
0.0,0
0.4933333333333333,1
0.0,0
0.0166666666666666,1
0.25,1
0.0,0
0.0,0
0.474025974025974,1
0.0,0
0.0,0
0.0,0
0.3333333333333333,1
0.7837837837837838,1
0.0,0
0.1764705882352941,1
0.0,0
0.0,0
0.0,0
0.0,0
0.0,0
0.0384615384615384,1
0.6666666666666666,1
0.0158730158730158,1
0.0,0
0.0,0
0.0,0
0.0,0
0.0,0
0.0,0
0.7725490196078432,1
0.0,0
0.0,0
0.0,0
0.0,0
0.0,0
0.0077220077220077,1
0.3455149501661129,1
0.0,0
0.0,0
0.0,0
0.0,0
0.0,0
0.0,0
0.0,0
0.0,0
0.0,0
0.0,0
0.0,0
0.0,0
0.1764705882352941,1
0.0,0
0.3956043956043956,1
0.0,0
0.0,0
0.9375,1
0.0058479532163742,1
0.0,0
0.5454545454545454,1
0.0,0
0.0,0
0.5,1
0.6831683168316832,1
0.0,0
0.0,0
0.75,1
0.4698795180722891,1
0.0,0
0.0434782608695652,1
0.0,0
0.0113636363636363,1
0.0,0
0.0038167938931297,1
0.0,0
0.0,0
0.0,0
0.0,0
0.0,0
0.0,0
0.0,0
0.5,1
0.0,0
0.0,0
0.0,0
0.0,0
0.0,0
0.4,1
0.0428571428571428,1
0.0,0
0.0116618075801749,1
0.0,0
0.0,0
0.0,0
0.0,0
0.1818181818181818,1
0.0,0
0.0666666666666666,1
0.0,0
0.0591715976331359,1
0.0131578947368421,1
0.125,1
0.0,0
0.0163043478260869,1
0.0,0
0.4246575342465753,1
0.2,1
0.0,0
0.0,0
0.0,0
0.0,0
0.0833333333333333,1
0.0687022900763358,1
0.0,0
0.0091743119266055,1
0.0108695652173913,1
0.0,0
0.0714285714285714,1
0.0,0
0.0,0
0.0,0
0.0,0
0.25,1
0.0,0
0.0416666666666666,1
0.0,0
0.0,0
0.0,0
0.0,0
0.3333333333333333,1
0.0,0
0.7222222222222222,1
0.0,0
0.6617647058823529,1
0.0,0
0.0,0
0.0526315789473684,1
0.0,0
0.0109890109890109,1
0.0049382716049382,1
0.0,0
0.0,0
0.0217391304347826,1
0.0,0
0.0,0
0.1372549019607843,1
0.0,0
0.0,0
0.625,1
0.7435897435897436,1
0.76,1
0.0,0
0.0,0
0.0769230769230769,1
0.1,1
0.0,0
0.0229885057471264,1
0.4545454545454545,1
0.3,1
0.0,0
0.0,0
0.0,0
0.6129032258064516,1
0.0,0
0.2,1
0.9333333333333332,1
0.0,0
0.7111111111111111,1
0.0,0
0.0,0
0.0,0
0.08,1
0.0,0
0.0,0
0.1666666666666666,1
0.0,0
0.016260162601626,1
0.53125,1
0.6944444444444444,1
0.2155172413793103,1
0.0686274509803921,1
0.0,0
0.0,0
0.0241935483870967,1
0.75,1
0.0,0
0.0,0
0.25,1
0.0,0
0.0,0
0.0,0
0.0,0
0.3448275862068966,1
0.1578947368421052,1
0.0,0
0.0,0
0.0,0
0.3684210526315789,1
0.0,0
0.0,0
0.0,0
0.0263157894736842,1
0.0,0
0.0,0
0.7469879518072289,1
0.0,0
0.8103448275862069,1
0.0161290322580645,1
0.0166666666666666,1
0.4950980392156863,1
0.1578947368421052,1
0.0,0
0.7368421052631579,1
0.2857142857142857,1
0.2321428571428571,1
0.0,0
0.0,0
0.0,0
0.0573770491803278,1
0.04,1
0.5,1
0.0,0
0.5625,1
0.0,0
0.0,0
0.0,0
0.0,0
0.0128205128205128,1
0.0137174211248285,1
0.0,0
0.0,0
0.073394495412844,1
0.1282051282051282,1
0.0208333333333333,1
0.0571428571428571,1
0.0,0
0.0,0
0.0,0
0.0,0
0.4137931034482758,1
0.3241379310344827,1
0.4324324324324324,1
0.0,0
0.0101010101010101,1
0.7,1
0.0,0
0.0,0
0.0,0
0.0,0
0.0,0
0.8571428571428571,1
0.1083333333333333,1
0.0,0
0.0,0
0.2340425531914893,1
0.0915492957746478,1
0.0,0
0.0,0
0.1666666666666666,1
0.0212765957446808,1
0.0,0
0.0677966101694915,1
0.0714285714285714,1
0.24,1
0.0,0
0.0,0
0.0099009900990099,1
0.9047619047619048,1
0.0,0
0.6666666666666666,1
0.050314465408805,1
0.0040241448692152,1
0.1578947368421052,1
0.0,0
0.0,0
0.05,1
0.1428571428571428,1
0.0,0
0.1777777777777777,1
0.0,0
0.0,0
0.0,0
0.0,0
0.1485148514851485,1
0.0,0
0.037037037037037,1
0.3333333333333333,1
0.05,1
0.5066666666666667,1
0.0,0
0.0,0
0.31,1
0.2142857142857142,1
0.0,0
0.0,0
0.0833333333333333,1
0.0,0
0.6666666666666666,1
0.0,0
0.0094043887147335,1
0.0,0
0.0,0
0.0,0
0.0,0
0.2584269662921348,1
0.0,0
0.1111111111111111,1
0.0,0
0.0,0
0.0,0
0.6744186046511628,1
0.0,0
0.0,0
0.0,0
0.0,0
0.0,0
0.0,0
0.0,0
0.0,0
0.0,0
0.0259740259740259,1
0.0232558139534883,1
0.0,0
0.0,0
0.0,0
0.4395604395604395,1
0.0833333333333333,1
0.0,0
0.0,0
0.0,0
0.7555555555555555,1
0.0,0
0.1666666666666666,1
0.9705882352941176,1
0.0,0
0.0041493775933609,1
0.3333333333333333,1
0.0,0
0.8461538461538461,1
0.6744186046511628,1
0.0,0
0.0,0
0.0,0
0.0526315789473684,1
0.024390243902439,1
0.072463768115942,1
0.0,0
0.0,0
0.0,0
0.8571428571428571,1
0.0,0
0.8020477815699659,1
0.0,0
0.0034965034965034,1
0.0,0
0.0,0
0.0,0
0.4444444444444444,1
0.0,0
0.1851851851851851,1
0.0,0
0.0,0
0.0,0
0.0027472527472527,1
0.5555555555555556,1
0.0,0
0.2447552447552447,1
0.0,0
0.0,0
0.0,0
0.0833333333333333,1
0.3,1
0.0,0
0.0,0
0.0,0
0.0,0
0.0,0
0.7088607594936709,1
0.0,0
0.034090909090909,1
0.0,0
0.015,1
0.2096774193548387,1
0.0,0
0.0,0
0.0,0
0.0,0
0.0,0
0.3717948717948718,1
0.0,0
0.8037037037037037,1
0.0,0
0.5454545454545454,1
0.0,0
0.0,0
0.8148148148148148,1
0.0,0
0.0,0
0.0,0
0.0,0
0.0,0
0.0,0
0.0212765957446808,1
0.0515463917525773,1
0.0,0
0.0034482758620689,1
0.0166666666666666,1
0.0,0
0.0051282051282051,1
0.0,0
0.0,0
0.0689655172413793,1
0.0,0
0.0,0
0.0,0
0.0,0
0.0,0
0.0,0
0.0,0
0.6363636363636364,1
0.0952380952380952,1
0.0,0
0.5,1
0.0,0
0.0,0
0.0,0
0.0,0
0.0,0
0.0,0
0.4166666666666667,1
0.0,0
0.7910447761194029,1
0.0,0
0.0,0
0.0,0
1.0,1
0.2656716417910448,1
0.0,0
0.0,0
0.0,0
0.0,0
0.1666666666666666,1
0.3277310924369748,1
0.0,0
0.6,1
0.1147540983606557,1
0.0,0
0.0,0
0.0,0
0.0,0
0.0166666666666666,1
0.0,0
0.0148148148148148,1
0.9230769230769232,1
0.1176470588235294,1
0.2,1
0.0,0
0.5,1
0.1666666666666666,1
0.0769230769230769,1
0.0,0
0.0,0
0.0689655172413793,1
0.0,0
0.0555555555555555,1
0.0,0
0.1875,1
0.0,0
0.0146627565982404,1
0.0,0
0.6666666666666666,1
0.0,0
0.5138888888888888,1
0.0,0
0.0454545454545454,1
0.0,0
0.0,0
0.0,0
0.0,0
0.0,0
0.0,0
1.0,1
0.5,1
0.0594059405940594,1
0.0,0
0.0454545454545454,1
0.95,1
0.0,0
0.0,0
1.0,1
0.005,1
0.028,1
0.0,0
0.1208791208791208,1
0.0,0
1.0,1
0.0344827586206896,1
1.0,1
0.0,0
0.0588235294117647,1
0.4,1
0.01,1
0.8888888888888888,1
0.0,0
0.0,0
0.5,1
0.02,1
0.0129032258064516,1
0.0147058823529411,1
0.0,0
0.0,0
0.0,0
0.1176470588235294,1
0.0,0
0.04,1
0.0,0
0.2222222222222222,1
0.8,1
0.0,0
0.0020833333333333,1
0.8666666666666667,1
0.04,1
0.0833333333333333,1
0.48,1
0.0,0
0.0,0
0.0,0
1.0,1
0.0,0
0.7712418300653595,1
0.0571428571428571,1
0.0,0
0.0,0
0.0,0
0.0909090909090909,1
0.0029585798816568,1
0.0,0
0.625,1
0.0,0
0.0,0
0.027027027027027,1
0.0,0
0.0,0
0.0,0
0.0,0
0.0,0
0.0,0
0.0,0
0.0,0
0.0,0
0.64,1
0.1333333333333333,1
